SK_ID_CURR,TARGET,NAME_CONTRACT_TYPE,CODE_GENDER,FLAG_OWN_CAR,FLAG_OWN_REALTY,CNT_CHILDREN,AMT_INCOME_TOTAL,AMT_CREDIT,AMT_ANNUITY,AMT_GOODS_PRICE,NAME_TYPE_SUITE,NAME_INCOME_TYPE,NAME_EDUCATION_TYPE,NAME_FAMILY_STATUS,NAME_HOUSING_TYPE,REGION_POPULATION_RELATIVE,DAYS_BIRTH,DAYS_EMPLOYED,DAYS_REGISTRATION,DAYS_ID_PUBLISH,OWN_CAR_AGE,FLAG_MOBIL,FLAG_EMP_PHONE,FLAG_WORK_PHONE,FLAG_CONT_MOBILE,FLAG_PHONE,FLAG_EMAIL,OCCUPATION_TYPE,CNT_FAM_MEMBERS,REGION_RATING_CLIENT,REGION_RATING_CLIENT_W_CITY,WEEKDAY_APPR_PROCESS_START,HOUR_APPR_PROCESS_START,REG_REGION_NOT_LIVE_REGION,REG_REGION_NOT_WORK_REGION,LIVE_REGION_NOT_WORK_REGION,REG_CITY_NOT_LIVE_CITY,REG_CITY_NOT_WORK_CITY,LIVE_CITY_NOT_WORK_CITY,ORGANIZATION_TYPE,EXT_SOURCE_1,EXT_SOURCE_2,EXT_SOURCE_3,APARTMENTS_AVG,BASEMENTAREA_AVG,YEARS_BEGINEXPLUATATION_AVG,YEARS_BUILD_AVG,COMMONAREA_AVG,ELEVATORS_AVG,ENTRANCES_AVG,FLOORSMAX_AVG,FLOORSMIN_AVG,LANDAREA_AVG,LIVINGAPARTMENTS_AVG,LIVINGAREA_AVG,NONLIVINGAPARTMENTS_AVG,NONLIVINGAREA_AVG,APARTMENTS_MODE,BASEMENTAREA_MODE,YEARS_BEGINEXPLUATATION_MODE,YEARS_BUILD_MODE,COMMONAREA_MODE,ELEVATORS_MODE,ENTRANCES_MODE,FLOORSMAX_MODE,FLOORSMIN_MODE,LANDAREA_MODE,LIVINGAPARTMENTS_MODE,LIVINGAREA_MODE,NONLIVINGAPARTMENTS_MODE,NONLIVINGAREA_MODE,APARTMENTS_MEDI,BASEMENTAREA_MEDI,YEARS_BEGINEXPLUATATION_MEDI,YEARS_BUILD_MEDI,COMMONAREA_MEDI,ELEVATORS_MEDI,ENTRANCES_MEDI,FLOORSMAX_MEDI,FLOORSMIN_MEDI,LANDAREA_MEDI,LIVINGAPARTMENTS_MEDI,LIVINGAREA_MEDI,NONLIVINGAPARTMENTS_MEDI,NONLIVINGAREA_MEDI,FONDKAPREMONT_MODE,HOUSETYPE_MODE,TOTALAREA_MODE,WALLSMATERIAL_MODE,EMERGENCYSTATE_MODE,OBS_30_CNT_SOCIAL_CIRCLE,DEF_30_CNT_SOCIAL_CIRCLE,OBS_60_CNT_SOCIAL_CIRCLE,DEF_60_CNT_SOCIAL_CIRCLE,DAYS_LAST_PHONE_CHANGE,FLAG_DOCUMENT_2,FLAG_DOCUMENT_3,FLAG_DOCUMENT_4,FLAG_DOCUMENT_5,FLAG_DOCUMENT_6,FLAG_DOCUMENT_7,FLAG_DOCUMENT_8,FLAG_DOCUMENT_9,FLAG_DOCUMENT_10,FLAG_DOCUMENT_11,FLAG_DOCUMENT_12,FLAG_DOCUMENT_13,FLAG_DOCUMENT_14,FLAG_DOCUMENT_15,FLAG_DOCUMENT_16,FLAG_DOCUMENT_17,FLAG_DOCUMENT_18,FLAG_DOCUMENT_19,FLAG_DOCUMENT_20,FLAG_DOCUMENT_21,AMT_REQ_CREDIT_BUREAU_HOUR,AMT_REQ_CREDIT_BUREAU_DAY,AMT_REQ_CREDIT_BUREAU_WEEK,AMT_REQ_CREDIT_BUREAU_MON,AMT_REQ_CREDIT_BUREAU_QRT,AMT_REQ_CREDIT_BUREAU_YEAR,BUREAU_DAYS_CREDIT_MEAN,BUREAU_DAYS_CREDIT_SUM,BUREAU_DAYS_CREDIT_MAX,BUREAU_DAYS_CREDIT_MIN,BUREAU_DAYS_CREDIT_COUNT,BUREAU_CREDIT_DAY_OVERDUE_MEAN,BUREAU_CREDIT_DAY_OVERDUE_SUM,BUREAU_CREDIT_DAY_OVERDUE_MAX,BUREAU_CREDIT_DAY_OVERDUE_MIN,BUREAU_CREDIT_DAY_OVERDUE_COUNT,BUREAU_DAYS_CREDIT_ENDDATE_MEAN,BUREAU_DAYS_CREDIT_ENDDATE_SUM,BUREAU_DAYS_CREDIT_ENDDATE_MAX,BUREAU_DAYS_CREDIT_ENDDATE_MIN,BUREAU_DAYS_CREDIT_ENDDATE_COUNT,BUREAU_DAYS_ENDDATE_FACT_MEAN,BUREAU_DAYS_ENDDATE_FACT_SUM,BUREAU_DAYS_ENDDATE_FACT_MAX,BUREAU_DAYS_ENDDATE_FACT_MIN,BUREAU_DAYS_ENDDATE_FACT_COUNT,BUREAU_AMT_CREDIT_MAX_OVERDUE_MEAN,BUREAU_AMT_CREDIT_MAX_OVERDUE_SUM,BUREAU_AMT_CREDIT_MAX_OVERDUE_MAX,BUREAU_AMT_CREDIT_MAX_OVERDUE_MIN,BUREAU_AMT_CREDIT_MAX_OVERDUE_COUNT,BUREAU_CNT_CREDIT_PROLONG_MEAN,BUREAU_CNT_CREDIT_PROLONG_SUM,BUREAU_CNT_CREDIT_PROLONG_MAX,BUREAU_CNT_CREDIT_PROLONG_MIN,BUREAU_CNT_CREDIT_PROLONG_COUNT,BUREAU_AMT_CREDIT_SUM_MEAN,BUREAU_AMT_CREDIT_SUM_SUM,BUREAU_AMT_CREDIT_SUM_MAX,BUREAU_AMT_CREDIT_SUM_MIN,BUREAU_AMT_CREDIT_SUM_COUNT,BUREAU_AMT_CREDIT_SUM_DEBT_MEAN,BUREAU_AMT_CREDIT_SUM_DEBT_SUM,BUREAU_AMT_CREDIT_SUM_DEBT_MAX,BUREAU_AMT_CREDIT_SUM_DEBT_MIN,BUREAU_AMT_CREDIT_SUM_DEBT_COUNT,BUREAU_AMT_CREDIT_SUM_LIMIT_MEAN,BUREAU_AMT_CREDIT_SUM_LIMIT_SUM,BUREAU_AMT_CREDIT_SUM_LIMIT_MAX,BUREAU_AMT_CREDIT_SUM_LIMIT_MIN,BUREAU_AMT_CREDIT_SUM_LIMIT_COUNT,BUREAU_AMT_CREDIT_SUM_OVERDUE_MEAN,BUREAU_AMT_CREDIT_SUM_OVERDUE_SUM,BUREAU_AMT_CREDIT_SUM_OVERDUE_MAX,BUREAU_AMT_CREDIT_SUM_OVERDUE_MIN,BUREAU_AMT_CREDIT_SUM_OVERDUE_COUNT,BUREAU_DAYS_CREDIT_UPDATE_MEAN,BUREAU_DAYS_CREDIT_UPDATE_SUM,BUREAU_DAYS_CREDIT_UPDATE_MAX,BUREAU_DAYS_CREDIT_UPDATE_MIN,BUREAU_DAYS_CREDIT_UPDATE_COUNT,BUREAU_AMT_ANNUITY_MEAN,BUREAU_AMT_ANNUITY_SUM,BUREAU_AMT_ANNUITY_MAX,BUREAU_AMT_ANNUITY_MIN,BUREAU_AMT_ANNUITY_COUNT,PREV_APP_AMT_ANNUITY_MEAN,PREV_APP_AMT_ANNUITY_SUM,PREV_APP_AMT_ANNUITY_MAX,PREV_APP_AMT_ANNUITY_MIN,PREV_APP_AMT_ANNUITY_COUNT,PREV_APP_AMT_APPLICATION_MEAN,PREV_APP_AMT_APPLICATION_SUM,PREV_APP_AMT_APPLICATION_MAX,PREV_APP_AMT_APPLICATION_MIN,PREV_APP_AMT_APPLICATION_COUNT,PREV_APP_AMT_CREDIT_MEAN,PREV_APP_AMT_CREDIT_SUM,PREV_APP_AMT_CREDIT_MAX,PREV_APP_AMT_CREDIT_MIN,PREV_APP_AMT_CREDIT_COUNT,PREV_APP_AMT_DOWN_PAYMENT_MEAN,PREV_APP_AMT_DOWN_PAYMENT_SUM,PREV_APP_AMT_DOWN_PAYMENT_MAX,PREV_APP_AMT_DOWN_PAYMENT_MIN,PREV_APP_AMT_DOWN_PAYMENT_COUNT,PREV_APP_AMT_GOODS_PRICE_MEAN,PREV_APP_AMT_GOODS_PRICE_SUM,PREV_APP_AMT_GOODS_PRICE_MAX,PREV_APP_AMT_GOODS_PRICE_MIN,PREV_APP_AMT_GOODS_PRICE_COUNT,PREV_APP_HOUR_APPR_PROCESS_START_MEAN,PREV_APP_HOUR_APPR_PROCESS_START_SUM,PREV_APP_HOUR_APPR_PROCESS_START_MAX,PREV_APP_HOUR_APPR_PROCESS_START_MIN,PREV_APP_HOUR_APPR_PROCESS_START_COUNT,PREV_APP_NFLAG_LAST_APPL_IN_DAY_MEAN,PREV_APP_NFLAG_LAST_APPL_IN_DAY_SUM,PREV_APP_NFLAG_LAST_APPL_IN_DAY_MAX,PREV_APP_NFLAG_LAST_APPL_IN_DAY_MIN,PREV_APP_NFLAG_LAST_APPL_IN_DAY_COUNT,PREV_APP_RATE_DOWN_PAYMENT_MEAN,PREV_APP_RATE_DOWN_PAYMENT_SUM,PREV_APP_RATE_DOWN_PAYMENT_MAX,PREV_APP_RATE_DOWN_PAYMENT_MIN,PREV_APP_RATE_DOWN_PAYMENT_COUNT,PREV_APP_RATE_INTEREST_PRIMARY_MEAN,PREV_APP_RATE_INTEREST_PRIMARY_SUM,PREV_APP_RATE_INTEREST_PRIMARY_MAX,PREV_APP_RATE_INTEREST_PRIMARY_MIN,PREV_APP_RATE_INTEREST_PRIMARY_COUNT,PREV_APP_RATE_INTEREST_PRIVILEGED_MEAN,PREV_APP_RATE_INTEREST_PRIVILEGED_SUM,PREV_APP_RATE_INTEREST_PRIVILEGED_MAX,PREV_APP_RATE_INTEREST_PRIVILEGED_MIN,PREV_APP_RATE_INTEREST_PRIVILEGED_COUNT,PREV_APP_DAYS_DECISION_MEAN,PREV_APP_DAYS_DECISION_SUM,PREV_APP_DAYS_DECISION_MAX,PREV_APP_DAYS_DECISION_MIN,PREV_APP_DAYS_DECISION_COUNT,PREV_APP_SELLERPLACE_AREA_MEAN,PREV_APP_SELLERPLACE_AREA_SUM,PREV_APP_SELLERPLACE_AREA_MAX,PREV_APP_SELLERPLACE_AREA_MIN,PREV_APP_SELLERPLACE_AREA_COUNT,PREV_APP_CNT_PAYMENT_MEAN,PREV_APP_CNT_PAYMENT_SUM,PREV_APP_CNT_PAYMENT_MAX,PREV_APP_CNT_PAYMENT_MIN,PREV_APP_CNT_PAYMENT_COUNT,PREV_APP_DAYS_FIRST_DRAWING_MEAN,PREV_APP_DAYS_FIRST_DRAWING_SUM,PREV_APP_DAYS_FIRST_DRAWING_MAX,PREV_APP_DAYS_FIRST_DRAWING_MIN,PREV_APP_DAYS_FIRST_DRAWING_COUNT,PREV_APP_DAYS_FIRST_DUE_MEAN,PREV_APP_DAYS_FIRST_DUE_SUM,PREV_APP_DAYS_FIRST_DUE_MAX,PREV_APP_DAYS_FIRST_DUE_MIN,PREV_APP_DAYS_FIRST_DUE_COUNT,PREV_APP_DAYS_LAST_DUE_1ST_VERSION_MEAN,PREV_APP_DAYS_LAST_DUE_1ST_VERSION_SUM,PREV_APP_DAYS_LAST_DUE_1ST_VERSION_MAX,PREV_APP_DAYS_LAST_DUE_1ST_VERSION_MIN,PREV_APP_DAYS_LAST_DUE_1ST_VERSION_COUNT,PREV_APP_DAYS_LAST_DUE_MEAN,PREV_APP_DAYS_LAST_DUE_SUM,PREV_APP_DAYS_LAST_DUE_MAX,PREV_APP_DAYS_LAST_DUE_MIN,PREV_APP_DAYS_LAST_DUE_COUNT,PREV_APP_DAYS_TERMINATION_MEAN,PREV_APP_DAYS_TERMINATION_SUM,PREV_APP_DAYS_TERMINATION_MAX,PREV_APP_DAYS_TERMINATION_MIN,PREV_APP_DAYS_TERMINATION_COUNT,PREV_APP_NFLAG_INSURED_ON_APPROVAL_MEAN,PREV_APP_NFLAG_INSURED_ON_APPROVAL_SUM,PREV_APP_NFLAG_INSURED_ON_APPROVAL_MAX,PREV_APP_NFLAG_INSURED_ON_APPROVAL_MIN,PREV_APP_NFLAG_INSURED_ON_APPROVAL_COUNT,INSTALLMENTS_NUM_INSTALMENT_VERSION_MEAN,INSTALLMENTS_NUM_INSTALMENT_VERSION_SUM,INSTALLMENTS_NUM_INSTALMENT_VERSION_MAX,INSTALLMENTS_NUM_INSTALMENT_VERSION_MIN,INSTALLMENTS_NUM_INSTALMENT_VERSION_COUNT,INSTALLMENTS_NUM_INSTALMENT_NUMBER_MEAN,INSTALLMENTS_NUM_INSTALMENT_NUMBER_SUM,INSTALLMENTS_NUM_INSTALMENT_NUMBER_MAX,INSTALLMENTS_NUM_INSTALMENT_NUMBER_MIN,INSTALLMENTS_NUM_INSTALMENT_NUMBER_COUNT,INSTALLMENTS_DAYS_INSTALMENT_MEAN,INSTALLMENTS_DAYS_INSTALMENT_SUM,INSTALLMENTS_DAYS_INSTALMENT_MAX,INSTALLMENTS_DAYS_INSTALMENT_MIN,INSTALLMENTS_DAYS_INSTALMENT_COUNT,INSTALLMENTS_DAYS_ENTRY_PAYMENT_MEAN,INSTALLMENTS_DAYS_ENTRY_PAYMENT_SUM,INSTALLMENTS_DAYS_ENTRY_PAYMENT_MAX,INSTALLMENTS_DAYS_ENTRY_PAYMENT_MIN,INSTALLMENTS_DAYS_ENTRY_PAYMENT_COUNT,INSTALLMENTS_AMT_INSTALMENT_MEAN,INSTALLMENTS_AMT_INSTALMENT_SUM,INSTALLMENTS_AMT_INSTALMENT_MAX,INSTALLMENTS_AMT_INSTALMENT_MIN,INSTALLMENTS_AMT_INSTALMENT_COUNT,INSTALLMENTS_AMT_PAYMENT_MEAN,INSTALLMENTS_AMT_PAYMENT_SUM,INSTALLMENTS_AMT_PAYMENT_MAX,INSTALLMENTS_AMT_PAYMENT_MIN,INSTALLMENTS_AMT_PAYMENT_COUNT,PREDICTION,PREDICTION_PROBA
100002,1,Cash loans,M,N,Y,0,202500.0,406597.5,24700.5,351000.0,Unaccompanied,Working,Secondary / secondary special,Single / not married,House / apartment,0.018801,-9461,-637.0,-3648.0,-2120,,1,1,0,1,1,0,Laborers,1.0,2,2,WEDNESDAY,10,0,0,0,0,0,0,Business Entity Type 3,0.0830369673913225,0.2629485927471776,0.1393757800997895,0.0247,0.0369,0.9722,0.6192,0.0143,0.0,0.069,0.0833,0.125,0.0369,0.0202,0.019,0.0,0.0,0.0252,0.0383,0.9722,0.6341,0.0144,0.0,0.069,0.0833,0.125,0.0377,0.022,0.0198,0.0,0.0,0.025,0.0369,0.9722,0.6243,0.0144,0.0,0.069,0.0833,0.125,0.0375,0.0205,0.0193,0.0,0.0,reg oper account,block of flats,0.0149,"Stone, brick",No,2.0,2.0,2.0,2.0,-1134.0,0,1,0,0,0,0,0,0,0,0,0,0,0,0,0,0,0,0,0,0,0.0,0.0,0.0,0.0,0.0,1.0,-874.0,-6992.0,-103.0,-1437.0,8.0,0.0,0.0,0.0,0.0,8.0,-349.0,-2094.0,780.0,-1072.0,6.0,-697.5,-4185.0,-36.0,-1185.0,6.0,1681.029,8405.145,5043.645,0.0,5.0,0.0,0.0,0.0,0.0,8.0,108131.945625,865055.565,450000.0,0.0,8.0,49156.2,245781.0,245781.0,0.0,5.0,7997.14125,31988.565,31988.565,0.0,4.0,0.0,0.0,0.0,0.0,8.0,-499.875,-3999.0,-7.0,-1185.0,8.0,0.0,0.0,0.0,0.0,7.0,9251.775,9251.775,9251.775,9251.775,1.0,179055.0,179055.0,179055.0,179055.0,1.0,179055.0,179055.0,179055.0,179055.0,1.0,0.0,0.0,0.0,0.0,1.0,179055.0,179055.0,179055.0,179055.0,1.0,9.0,9.0,9.0,9.0,1.0,1.0,1.0,1.0,1.0,1.0,0.0,0.0,0.0,0.0,1.0,,0.0,,,0.0,,0.0,,,0.0,-606.0,-606.0,-606.0,-606.0,1.0,500.0,500.0,500.0,500.0,1.0,24.0,24.0,24.0,24.0,1.0,365243.0,365243.0,365243.0,365243.0,1.0,-565.0,-565.0,-565.0,-565.0,1.0,125.0,125.0,125.0,125.0,1.0,-25.0,-25.0,-25.0,-25.0,1.0,-17.0,-17.0,-17.0,-17.0,1.0,0.0,0.0,0.0,0.0,1.0,1.0526315789473684,20.0,2.0,1.0,19.0,10.0,190.0,19.0,1.0,19.0,-295.0,-5605.0,-25.0,-565.0,19.0,-315.42105263157896,-5993.0,-49.0,-587.0,19.0,11559.24710526316,219625.695,53093.745,9251.775,19.0,11559.24710526316,219625.695,53093.745,9251.775,19.0,1,0.7909
100003,0,Cash loans,F,N,N,0,270000.0,1293502.5,35698.5,1129500.0,Family,State servant,Higher education,Married,House / apartment,0.0035409999999999,-16765,-1188.0,-1186.0,-291,,1,1,0,1,1,0,Core staff,2.0,1,1,MONDAY,11,0,0,0,0,0,0,School,0.3112673113812225,0.6222457752555098,,0.0959,0.0529,0.9851,0.7959999999999999,0.0605,0.08,0.0345,0.2917,0.3333,0.013,0.0773,0.0549,0.0039,0.0098,0.0924,0.0538,0.9851,0.804,0.0497,0.0806,0.0345,0.2917,0.3333,0.0128,0.079,0.0554,0.0,0.0,0.0968,0.0529,0.9851,0.7987,0.0608,0.08,0.0345,0.2917,0.3333,0.0132,0.0787,0.0558,0.0039,0.01,reg oper account,block of flats,0.0714,Block,No,1.0,0.0,1.0,0.0,-828.0,0,1,0,0,0,0,0,0,0,0,0,0,0,0,0,0,0,0,0,0,0.0,0.0,0.0,0.0,0.0,0.0,-1400.75,-5603.0,-606.0,-2586.0,4.0,0.0,0.0,0.0,0.0,4.0,-544.5,-2178.0,1216.0,-2434.0,4.0,-1097.3333333333333,-3292.0,-540.0,-2131.0,3.0,0.0,0.0,0.0,0.0,4.0,0.0,0.0,0.0,0.0,4.0,254350.125,1017400.5,810000.0,22248.0,4.0,0.0,0.0,0.0,0.0,4.0,202500.0,810000.0,810000.0,0.0,4.0,0.0,0.0,0.0,0.0,4.0,-816.0,-3264.0,-43.0,-2131.0,4.0,,0.0,,,0.0,56553.99,169661.97,98356.995,6737.31,3.0,435436.5,1306309.5,900000.0,68809.5,3.0,484191.0,1452573.0,1035882.0,68053.5,3.0,3442.5,6885.0,6885.0,0.0,2.0,435436.5,1306309.5,900000.0,68809.5,3.0,14.666666666666666,44.0,17.0,12.0,3.0,1.0,3.0,1.0,1.0,3.0,0.0500302975712811,0.1000605951425623,0.1000605951425623,0.0,2.0,,0.0,,,0.0,,0.0,,,0.0,-1305.0,-3915.0,-746.0,-2341.0,3.0,533.0,1599.0,1400.0,-1.0,3.0,10.0,30.0,12.0,6.0,3.0,365243.0,1095729.0,365243.0,365243.0,3.0,-1274.3333333333333,-3823.0,-716.0,-2310.0,3.0,-1004.3333333333334,-3013.0,-386.0,-1980.0,3.0,-1054.3333333333333,-3163.0,-536.0,-1980.0,3.0,-1047.3333333333333,-3142.0,-527.0,-1976.0,3.0,0.6666666666666666,2.0,1.0,0.0,3.0,1.04,26.0,2.0,1.0,25.0,5.08,127.0,12.0,1.0,25.0,-1378.16,-34454.0,-536.0,-2310.0,25.0,-1385.32,-34633.0,-544.0,-2324.0,25.0,64754.586,1618864.65,560835.36,6662.97,25.0,64754.586,1618864.65,560835.36,6662.97,25.0,0,0.2205
100004,0,Revolving loans,M,Y,Y,0,67500.0,135000.0,6750.0,135000.0,Unaccompanied,Working,Secondary / secondary special,Single / not married,House / apartment,0.010032,-19046,-225.0,-4260.0,-2531,26.0,1,1,1,1,1,0,Laborers,1.0,2,2,MONDAY,9,0,0,0,0,0,0,Government,,0.5559120833904428,0.7295666907060153,,,,,,,,,,,,,,,,,,,,,,,,,,,,,,,,,,,,,,,,,,,,,,,,0.0,0.0,0.0,0.0,-815.0,0,0,0,0,0,0,0,0,0,0,0,0,0,0,0,0,0,0,0,0,0.0,0.0,0.0,0.0,0.0,0.0,-867.0,-1734.0,-408.0,-1326.0,2.0,0.0,0.0,0.0,0.0,2.0,-488.5,-977.0,-382.0,-595.0,2.0,-532.5,-1065.0,-382.0,-683.0,2.0,0.0,0.0,0.0,0.0,1.0,0.0,0.0,0.0,0.0,2.0,94518.9,189037.8,94537.8,94500.0,2.0,0.0,0.0,0.0,0.0,2.0,0.0,0.0,0.0,0.0,2.0,0.0,0.0,0.0,0.0,2.0,-532.0,-1064.0,-382.0,-682.0,2.0,,0.0,,,0.0,5357.25,5357.25,5357.25,5357.25,1.0,24282.0,24282.0,24282.0,24282.0,1.0,20106.0,20106.0,20106.0,20106.0,1.0,4860.0,4860.0,4860.0,4860.0,1.0,24282.0,24282.0,24282.0,24282.0,1.0,5.0,5.0,5.0,5.0,1.0,1.0,1.0,1.0,1.0,1.0,0.2120076030674443,0.2120076030674443,0.2120076030674443,0.2120076030674443,1.0,,0.0,,,0.0,,0.0,,,0.0,-815.0,-815.0,-815.0,-815.0,1.0,30.0,30.0,30.0,30.0,1.0,4.0,4.0,4.0,4.0,1.0,365243.0,365243.0,365243.0,365243.0,1.0,-784.0,-784.0,-784.0,-784.0,1.0,-694.0,-694.0,-694.0,-694.0,1.0,-724.0,-724.0,-724.0,-724.0,1.0,-714.0,-714.0,-714.0,-714.0,1.0,0.0,0.0,0.0,0.0,1.0,1.3333333333333333,4.0,2.0,1.0,3.0,2.0,6.0,3.0,1.0,3.0,-754.0,-2262.0,-724.0,-784.0,3.0,-761.6666666666666,-2285.0,-727.0,-795.0,3.0,7096.155,21288.465,10573.965,5357.25,3.0,7096.155,21288.465,10573.965,5357.25,3.0,0,0.2313
100006,0,Cash loans,F,N,Y,0,135000.0,312682.5,29686.5,297000.0,Unaccompanied,Working,Secondary / secondary special,Civil marriage,House / apartment,0.008019,-19005,-3039.0,-9833.0,-2437,,1,1,0,1,0,0,Laborers,2.0,2,2,WEDNESDAY,17,0,0,0,0,0,0,Business Entity Type 3,,0.6504416904014653,,,,,,,,,,,,,,,,,,,,,,,,,,,,,,,,,,,,,,,,,,,,,,,,,2.0,0.0,2.0,0.0,-617.0,0,1,0,0,0,0,0,0,0,0,0,0,0,0,0,0,0,0,0,0,,,,,,,,,,,,,,,,,,,,,,,,,,,,,,,,,,,,,,,,,,,,,,,,,,,,,,,,,,,,,,,,,,,23651.175,141907.05,39954.51,2482.92,6.0,272203.26,2449829.34,688500.0,0.0,9.0,291695.5,2625259.5,906615.0,0.0,9.0,34840.17,69680.34,66987.0,2693.34,2.0,408304.89,2449829.34,688500.0,26912.34,6.0,14.666666666666666,132.0,15.0,12.0,9.0,1.0,9.0,1.0,1.0,9.0,0.1634121025409242,0.3268242050818484,0.2178298883821148,0.1089943166997336,2.0,,0.0,,,0.0,,0.0,,,0.0,-272.44444444444446,-2452.0,-181.0,-617.0,9.0,894.2222222222222,8048.0,8025.0,-1.0,9.0,23.0,138.0,48.0,0.0,6.0,365243.0,1460972.0,365243.0,365243.0,4.0,91066.5,364266.0,365243.0,-545.0,4.0,91584.0,366336.0,365243.0,-215.0,4.0,182477.5,729910.0,365243.0,-425.0,4.0,182481.75,729927.0,365243.0,-416.0,4.0,0.0,0.0,0.0,0.0,4.0,1.125,18.0,2.0,1.0,16.0,4.4375,71.0,10.0,1.0,16.0,-252.25,-4036.0,-11.0,-545.0,16.0,-271.625,-4346.0,-12.0,-575.0,16.0,62947.0884375,1007153.415,691786.89,2482.92,16.0,62947.0884375,1007153.415,691786.89,2482.92,16.0,0,0.3867
100007,0,Cash loans,M,N,Y,0,121500.0,513000.0,21865.5,513000.0,Unaccompanied,Working,Secondary / secondary special,Single / not married,House / apartment,0.028663,-19932,-3038.0,-4311.0,-3458,,1,1,0,1,0,0,Core staff,1.0,2,2,THURSDAY,11,0,0,0,0,1,1,Religion,,0.3227382869704046,,,,,,,,,,,,,,,,,,,,,,,,,,,,,,,,,,,,,,,,,,,,,,,,,0.0,0.0,0.0,0.0,-1106.0,0,0,0,0,0,0,1,0,0,0,0,0,0,0,0,0,0,0,0,0,0.0,0.0,0.0,0.0,0.0,0.0,-1149.0,-1149.0,-1149.0,-1149.0,1.0,0.0,0.0,0.0,0.0,1.0,-783.0,-783.0,-783.0,-783.0,1.0,-783.0,-783.0,-783.0,-783.0,1.0,0.0,0.0,0.0,0.0,1.0,0.0,0.0,0.0,0.0,1.0,146250.0,146250.0,146250.0,146250.0,1.0,0.0,0.0,0.0,0.0,1.0,0.0,0.0,0.0,0.0,1.0,0.0,0.0,0.0,0.0,1.0,-783.0,-783.0,-783.0,-783.0,1.0,,0.0,,,0.0,12278.805,73672.83,22678.785,1834.29,6.0,150530.25,903181.5,247500.0,17176.5,6.0,166638.75,999832.5,284400.0,14616.0,6.0,3390.75,6781.5,3676.5,3105.0,2.0,150530.25,903181.5,247500.0,17176.5,6.0,12.333333333333334,74.0,15.0,8.0,6.0,1.0,6.0,1.0,1.0,6.0,0.1595164060251766,0.3190328120503533,0.2188898579894888,0.1001429540608645,2.0,,0.0,,,0.0,,0.0,,,0.0,-1222.8333333333333,-7337.0,-374.0,-2357.0,6.0,409.1666666666667,2455.0,1200.0,-1.0,6.0,20.666666666666668,124.0,48.0,10.0,6.0,365243.0,1826215.0,365243.0,365243.0,5.0,-1263.2,-6316.0,-344.0,-2326.0,5.0,-837.2,-4186.0,346.0,-2056.0,5.0,72136.2,360681.0,365243.0,-2056.0,5.0,72143.8,360719.0,365243.0,-2041.0,5.0,0.6,3.0,1.0,0.0,5.0,1.1666666666666667,77.0,2.0,1.0,66.0,7.045454545454546,465.0,17.0,1.0,66.0,-1028.6060606060605,-67888.0,-14.0,-2326.0,66.0,-1032.2424242424242,-68128.0,-14.0,-2318.0,66.0,12666.444545454546,835985.34,22678.785,1821.78,66.0,12214.060227272726,806127.975,22678.785,0.18,66.0,0,0.4927
100008,0,Cash loans,M,N,Y,0,99000.0,490495.5,27517.5,454500.0,"Spouse, partner",State servant,Secondary / secondary special,Married,House / apartment,0.035792,-16941,-1588.0,-4970.0,-477,,1,1,1,1,1,0,Laborers,2.0,2,2,WEDNESDAY,16,0,0,0,0,0,0,Other,,0.3542247319929012,0.6212263380626669,,,,,,,,,,,,,,,,,,,,,,,,,,,,,,,,,,,,,,,,,,,,,,,,0.0,0.0,0.0,0.0,-2536.0,0,1,0,0,0,0,0,0,0,0,0,0,0,0,0,0,0,0,0,0,0.0,0.0,0.0,0.0,1.0,1.0,-757.3333333333334,-2272.0,-78.0,-1097.0,3.0,0.0,0.0,0.0,0.0,3.0,-391.3333333333333,-1174.0,471.0,-853.0,3.0,-909.0,-1818.0,-790.0,-1028.0,2.0,0.0,0.0,0.0,0.0,1.0,0.0,0.0,0.0,0.0,3.0,156148.5,468445.5,267606.0,95134.5,3.0,80019.0,240057.0,240057.0,0.0,3.0,0.0,0.0,0.0,0.0,3.0,0.0,0.0,0.0,0.0,3.0,-611.0,-1833.0,-16.0,-1027.0,3.0,,0.0,,,0.0,15839.69625,63358.785,25309.575,8019.09,4.0,155701.8,778509.0,450000.0,0.0,5.0,162767.7,813838.5,501975.0,0.0,5.0,5548.5,16645.5,12145.5,0.0,3.0,194627.25,778509.0,450000.0,44455.5,4.0,12.0,60.0,18.0,9.0,5.0,1.0,5.0,1.0,1.0,5.0,0.0730507075001457,0.219152122500437,0.1102430315913462,0.0,3.0,,0.0,,,0.0,,0.0,,,0.0,-1192.0,-5960.0,-82.0,-2536.0,5.0,73.0,365.0,110.0,-1.0,5.0,14.0,56.0,30.0,6.0,4.0,365243.0,1460972.0,365243.0,365243.0,4.0,-1434.5,-5738.0,-339.0,-2491.0,4.0,-1044.5,-4178.0,261.0,-2341.0,4.0,-1209.5,-4838.0,-69.0,-2341.0,4.0,-872.75,-3491.0,-66.0,-2334.0,4.0,0.25,1.0,1.0,0.0,4.0,1.0285714285714285,36.0,2.0,1.0,35.0,5.057142857142857,177.0,10.0,1.0,35.0,-1263.9142857142858,-44237.0,-69.0,-2491.0,35.0,-1237.8,-43323.0,-82.0,-2519.0,35.0,27702.964285714286,969603.75,432218.295,8003.475,35.0,27360.502714285714,957617.595,432218.295,227.16,35.0,0,0.3995
100009,0,Cash loans,F,Y,Y,1,171000.0,1560726.0,41301.0,1395000.0,Unaccompanied,Commercial associate,Higher education,Married,House / apartment,0.035792,-13778,-3130.0,-1213.0,-619,17.0,1,1,0,1,1,0,Accountants,3.0,2,2,SUNDAY,16,0,0,0,0,0,0,Business Entity Type 3,0.7747614130547695,0.7239998516953141,0.4920600938649263,,,,,,,,,,,,,,,,,,,,,,,,,,,,,,,,,,,,,,,,,,,,,,,,1.0,0.0,1.0,0.0,-1562.0,0,0,0,0,0,0,1,0,0,0,0,0,1,0,0,0,0,0,0,0,0.0,0.0,0.0,1.0,1.0,2.0,-1271.5,-22887.0,-239.0,-2882.0,18.0,0.0,0.0,0.0,0.0,18.0,-794.9375,-12719.0,1402.0,-2152.0,16.0,-1108.5,-15519.0,-313.0,-2152.0,14.0,0.0,0.0,0.0,0.0,4.0,0.0,0.0,0.0,0.0,18.0,266711.75,4800811.5,1777500.0,35770.5,18.0,76953.53571428571,1077349.5,557959.5,0.0,14.0,0.0,0.0,0.0,0.0,11.0,0.0,0.0,0.0,0.0,18.0,-851.6111111111111,-15329.0,-23.0,-2152.0,18.0,,0.0,,,0.0,10051.412142857142,70359.885,17341.605,7435.845,7.0,76741.71428571429,537192.0,110160.0,40455.0,7.0,70137.64285714286,490963.5,98239.5,38574.0,7.0,9203.142857142857,64422.0,22032.0,0.0,7.0,76741.71428571429,537192.0,110160.0,40455.0,7.0,13.714285714285714,96.0,18.0,11.0,7.0,1.0,7.0,1.0,1.0,7.0,0.1266023051333171,0.8862161359332197,0.2095245035525596,0.0,7.0,,0.0,,,0.0,,0.0,,,0.0,-719.2857142857143,-5035.0,-74.0,-1562.0,7.0,170.0,1190.0,300.0,18.0,7.0,8.0,56.0,12.0,6.0,7.0,365243.0,2556701.0,365243.0,365243.0,7.0,-688.2857142857143,-4818.0,-43.0,-1531.0,7.0,-478.2857142857143,-3348.0,227.0,-1330.0,7.0,51666.857142857145,361668.0,365243.0,-1330.0,7.0,51672.857142857145,361710.0,365243.0,-1323.0,7.0,0.0,0.0,0.0,0.0,7.0,1.0,51.0,1.0,1.0,51.0,4.549019607843137,232.0,12.0,1.0,51.0,-855.8235294117648,-43647.0,-43.0,-2908.0,51.0,-864.4117647058823,-44085.0,-58.0,-2914.0,51.0,9568.531764705882,487995.12,17341.605,6155.28,51.0,9568.531764705882,487995.12,17341.605,6155.28,51.0,0,0.0884
100010,0,Cash loans,M,Y,Y,0,360000.0,1530000.0,42075.0,1530000.0,Unaccompanied,State servant,Higher education,Married,House / apartment,0.0031219999999999,-18850,-449.0,-4597.0,-2379,8.0,1,1,1,1,0,0,Managers,2.0,3,3,MONDAY,16,0,0,0,0,1,1,Other,,0.7142792864482229,0.5406544504453575,,,,,,,,,,,,,,,,,,,,,,,,,,,,,,,,,,,,,,,,,,,,,,,,2.0,0.0,2.0,0.0,-1070.0,0,1,0,0,0,0,0,0,0,0,0,0,0,0,0,0,0,0,0,0,0.0,0.0,0.0,0.0,0.0,0.0,-1939.5,-3879.0,-1138.0,-2741.0,2.0,0.0,0.0,0.0,0.0,2.0,-119.5,-239.0,689.0,-928.0,2.0,-1138.0,-1138.0,-1138.0,-1138.0,1.0,,0.0,,,0.0,0.0,0.0,0.0,0.0,2.0,495000.0,990000.0,675000.0,315000.0,2.0,174003.75,348007.5,348007.5,0.0,2.0,0.0,0.0,0.0,0.0,1.0,0.0,0.0,0.0,0.0,2.0,-578.0,-1156.0,-18.0,-1138.0,2.0,,0.0,,,0.0,27463.41,27463.41,27463.41,27463.41,1.0,247212.0,247212.0,247212.0,247212.0,1.0,260811.0,260811.0,260811.0,260811.0,1.0,0.0,0.0,0.0,0.0,1.0,247212.0,247212.0,247212.0,247212.0,1.0,16.0,16.0,16.0,16.0,1.0,1.0,1.0,1.0,1.0,1.0,0.0,0.0,0.0,0.0,1.0,,0.0,,,0.0,,0.0,,,0.0,-1070.0,-1070.0,-1070.0,-1070.0,1.0,8636.0,8636.0,8636.0,8636.0,1.0,10.0,10.0,10.0,10.0,1.0,365243.0,365243.0,365243.0,365243.0,1.0,-1039.0,-1039.0,-1039.0,-1039.0,1.0,-769.0,-769.0,-769.0,-769.0,1.0,-769.0,-769.0,-769.0,-769.0,1.0,-762.0,-762.0,-762.0,-762.0,1.0,0.0,0.0,0.0,0.0,1.0,1.0,10.0,1.0,1.0,10.0,5.5,55.0,10.0,1.0,10.0,-904.0,-9040.0,-769.0,-1039.0,10.0,-915.9,-9159.0,-774.0,-1069.0,10.0,27449.208,274492.08,27463.41,27321.39,10.0,27449.208,274492.08,27463.41,27321.39,10.0,0,0.1372
100011,0,Cash loans,F,N,Y,0,112500.0,1019610.0,33826.5,913500.0,Children,Pensioner,Secondary / secondary special,Married,House / apartment,0.018634,-20099,,-7427.0,-3514,,1,0,0,1,0,0,,2.0,2,2,WEDNESDAY,14,0,0,0,0,0,0,XNA,0.5873340468730377,0.2057472880073281,0.7517237147741489,,,,,,,,,,,,,,,,,,,,,,,,,,,,,,,,,,,,,,,,,,,,,,,,1.0,0.0,1.0,0.0,0.0,0,1,0,0,0,0,0,0,0,0,0,0,0,0,0,0,0,0,0,0,0.0,0.0,0.0,0.0,0.0,1.0,-1773.0,-7092.0,-1309.0,-2508.0,4.0,0.0,0.0,0.0,0.0,4.0,-1293.25,-5173.0,-860.0,-2173.0,4.0,-1463.25,-5853.0,-968.0,-2197.0,4.0,5073.615,10147.23,10147.23,0.0,2.0,0.0,0.0,0.0,0.0,4.0,108807.075,435228.3,145242.0,54000.0,4.0,0.0,0.0,0.0,0.0,3.0,0.0,0.0,0.0,0.0,3.0,0.0,0.0,0.0,0.0,4.0,-1454.75,-5819.0,-965.0,-2172.0,4.0,,0.0,,,0.0,18303.195,54909.585,31295.25,9000.0,3.0,202732.875,810931.5,675000.0,0.0,4.0,261840.375,1047361.5,732915.0,0.0,4.0,6797.25,13594.5,13594.5,0.0,2.0,270310.5,810931.5,675000.0,0.0,3.0,11.75,47.0,17.0,9.0,4.0,1.0,4.0,1.0,1.0,4.0,0.05000522275463,0.10001044550926,0.10001044550926,0.0,2.0,,0.0,,,0.0,,0.0,,,0.0,-1784.5,-7138.0,-1162.0,-2508.0,4.0,342.25,1369.0,1371.0,-1.0,4.0,14.0,42.0,30.0,0.0,3.0,242736.3333333333,728209.0,365243.0,-2277.0,3.0,-1955.0,-5865.0,-1159.0,-2477.0,3.0,120935.66666666669,362807.0,365243.0,-2147.0,3.0,-1231.0,-3693.0,-289.0,-2147.0,3.0,121258.0,363774.0,365243.0,-1186.0,3.0,0.6666666666666666,2.0,1.0,0.0,3.0,0.4153846153846154,54.0,1.0,0.0,130.0,28.446153846153845,3698.0,76.0,1.0,130.0,-1154.0615384615385,-150028.0,-37.0,-2477.0,130.0,-1150.923076923077,-149620.0,-37.0,-2477.0,130.0,13575.715615384615,1764843.03,46485.0,563.355,130.0,11328.893653846157,1472756.175,46485.0,449.685,130.0,0,0.3841
100012,0,Revolving loans,M,N,Y,0,135000.0,405000.0,20250.0,405000.0,Unaccompanied,Working,Secondary / secondary special,Single / not married,House / apartment,0.0196889999999999,-14469,-2019.0,-14437.0,-3992,,1,1,0,1,0,0,Laborers,1.0,2,2,THURSDAY,8,0,0,0,0,0,0,Electricity,,0.7466436294590924,,,,,,,,,,,,,,,,,,,,,,,,,,,,,,,,,,,,,,,,,,,,,,,,,2.0,0.0,2.0,0.0,-1673.0,0,0,0,0,0,0,0,0,0,0,0,0,0,0,0,0,0,0,0,0,,,,,,,,,,,,,,,,,,,,,,,,,,,,,,,,,,,,,,,,,,,,,,,,,,,,,,,,,,,,,,,,,,,7894.155,23682.465,11188.035,3012.075,3.0,60930.0,243720.0,135000.0,0.0,4.0,74119.5,296478.0,158508.0,0.0,4.0,0.0,0.0,0.0,0.0,1.0,81240.0,243720.0,135000.0,18720.0,3.0,12.5,50.0,15.0,9.0,4.0,1.0,4.0,1.0,1.0,4.0,0.0,0.0,0.0,0.0,1.0,,0.0,,,0.0,,0.0,,,0.0,-779.75,-3119.0,-107.0,-1673.0,4.0,9.75,39.0,42.0,-1.0,4.0,18.0,54.0,24.0,12.0,3.0,365243.0,1095729.0,365243.0,365243.0,3.0,-973.3333333333334,-2920.0,-477.0,-1641.0,3.0,-463.3333333333333,-1390.0,33.0,-1311.0,3.0,-563.3333333333334,-1690.0,-142.0,-1401.0,3.0,-559.3333333333334,-1678.0,-137.0,-1397.0,3.0,0.6666666666666666,2.0,1.0,0.0,3.0,2.0,96.0,4.0,1.0,48.0,9.041666666666666,434.0,23.0,1.0,48.0,-665.0,-31920.0,-142.0,-1641.0,48.0,-690.3125,-33135.0,-151.0,-1645.0,48.0,9584.503125,460056.15,49204.89,3012.075,48.0,10451.285625,501661.71,58687.245,5.85,48.0,0,0.2165
100014,0,Cash loans,F,N,Y,1,112500.0,652500.0,21177.0,652500.0,Unaccompanied,Working,Higher education,Married,House / apartment,0.0228,-10197,-679.0,-4427.0,-738,,1,1,0,1,0,0,Core staff,3.0,2,2,SATURDAY,15,0,0,0,0,0,0,Medicine,0.3197601716755032,0.6518623334244781,0.363945238612397,,,,,,,,,,,,,,,,,,,,,,,,,,,,,,,,,,,,,,,,,,,,,,,,0.0,0.0,0.0,0.0,-844.0,0,1,0,0,0,0,0,0,0,0,0,0,0,0,0,0,0,0,0,0,0.0,0.0,0.0,1.0,0.0,0.0,-1095.375,-8763.0,-376.0,-2308.0,8.0,0.0,0.0,0.0,0.0,8.0,-387.375,-3099.0,723.0,-2004.0,8.0,-821.3333333333334,-4928.0,-346.0,-1992.0,6.0,3726.3525,22358.115,12752.28,0.0,6.0,0.0,0.0,0.0,0.0,8.0,341241.553125,2729932.425,900000.0,26194.5,8.0,151642.8,758214.0,420201.0,0.0,5.0,0.0,0.0,0.0,0.0,5.0,0.0,0.0,0.0,0.0,8.0,-615.875,-4927.0,-25.0,-1991.0,8.0,,0.0,,,0.0,12806.55,25613.1,14045.625,11567.475,2.0,96536.25,193072.5,119272.5,73800.0,2.0,102834.0,205668.0,131868.0,73800.0,2.0,0.0,0.0,0.0,0.0,2.0,96536.25,193072.5,119272.5,73800.0,2.0,13.5,27.0,14.0,13.0,2.0,1.0,2.0,1.0,1.0,2.0,0.0,0.0,0.0,0.0,2.0,,0.0,,,0.0,,0.0,,,0.0,-473.0,-946.0,-102.0,-844.0,2.0,765.0,1530.0,1500.0,30.0,2.0,9.0,18.0,12.0,6.0,2.0,365243.0,730486.0,365243.0,365243.0,2.0,-438.5,-877.0,-64.0,-813.0,2.0,-198.5,-397.0,86.0,-483.0,2.0,182380.0,364760.0,365243.0,-483.0,2.0,182384.0,364768.0,365243.0,-475.0,2.0,0.0,0.0,0.0,0.0,2.0,1.0,19.0,1.0,1.0,19.0,6.2631578947368425,119.0,12.0,1.0,19.0,-576.2631578947369,-10949.0,-34.0,-813.0,19.0,-584.4736842105264,-11105.0,-36.0,-823.0,19.0,11826.20605263158,224697.915,14045.625,11547.27,19.0,8783.197105263158,166880.745,14045.625,530.1,19.0,0,0.4123
100015,0,Cash loans,F,N,Y,0,38419.155,148365.0,10678.5,135000.0,Children,Pensioner,Secondary / secondary special,Married,House / apartment,0.015221,-20417,,-5246.0,-2512,,1,0,0,1,1,0,,2.0,2,2,FRIDAY,7,0,0,0,0,0,0,XNA,0.7220444501416448,0.5551831615131809,0.6528965519806539,,,,,,,,,,,,,,,,,,,,,,,,,,,,,,,,,,,,,,,,,,,,,,,,0.0,0.0,0.0,0.0,-2396.0,0,0,0,0,1,0,0,0,0,0,0,0,0,0,0,0,0,0,0,0,0.0,0.0,0.0,0.0,0.0,2.0,-947.75,-3791.0,-319.0,-1409.0,4.0,0.0,0.0,0.0,0.0,4.0,-598.25,-2393.0,-16.0,-1045.0,4.0,-555.5,-2222.0,-8.0,-907.0,4.0,,0.0,,,0.0,0.0,0.0,0.0,0.0,4.0,102373.875,409495.5,131103.0,89752.5,4.0,0.0,0.0,0.0,0.0,1.0,0.0,0.0,0.0,0.0,1.0,0.0,0.0,0.0,0.0,4.0,-551.25,-2205.0,-3.0,-904.0,4.0,,0.0,,,0.0,7666.92,7666.92,7666.92,7666.92,1.0,68850.0,68850.0,68850.0,68850.0,1.0,67077.0,67077.0,67077.0,67077.0,1.0,6885.0,6885.0,6885.0,6885.0,1.0,68850.0,68850.0,68850.0,68850.0,1.0,8.0,8.0,8.0,8.0,1.0,1.0,1.0,1.0,1.0,1.0,0.1013816677360118,0.1013816677360118,0.1013816677360118,0.1013816677360118,1.0,,0.0,,,0.0,,0.0,,,0.0,-2396.0,-2396.0,-2396.0,-2396.0,1.0,110.0,110.0,110.0,110.0,1.0,10.0,10.0,10.0,10.0,1.0,365243.0,365243.0,365243.0,365243.0,1.0,-2360.0,-2360.0,-2360.0,-2360.0,1.0,-2090.0,-2090.0,-2090.0,-2090.0,1.0,-2090.0,-2090.0,-2090.0,-2090.0,1.0,-2084.0,-2084.0,-2084.0,-2084.0,1.0,1.0,1.0,1.0,1.0,1.0,1.0,10.0,1.0,1.0,10.0,5.5,55.0,10.0,1.0,10.0,-2225.0,-22250.0,-2090.0,-2360.0,10.0,-2237.9,-22379.0,-2108.0,-2374.0,10.0,7658.680499999999,76586.805,7666.92,7584.525,10.0,7658.680499999999,76586.805,7666.92,7584.525,10.0,0,0.1026
100016,0,Cash loans,F,N,Y,0,67500.0,80865.0,5881.5,67500.0,Unaccompanied,Working,Secondary / secondary special,Married,House / apartment,0.031329,-13439,-2717.0,-311.0,-3227,,1,1,1,1,1,0,Laborers,2.0,2,2,FRIDAY,10,0,0,0,0,0,0,Business Entity Type 2,0.4648311169632833,0.7150418188660659,0.1766525794312139,0.0825,,0.9811,,,0.0,0.2069,0.1667,,0.0135,,0.0778,,0.0,0.084,,0.9811,,,0.0,0.2069,0.1667,,0.0138,,0.081,,0.0,0.0833,,0.9811,,,0.0,0.2069,0.1667,,0.0137,,0.0792,,0.0,reg oper account,block of flats,0.0612,,No,0.0,0.0,0.0,0.0,-2370.0,0,1,0,0,0,0,0,0,0,0,0,0,0,0,0,0,0,0,0,0,0.0,0.0,0.0,1.0,0.0,0.0,-618.4285714285714,-4329.0,-128.0,-1634.0,7.0,0.0,0.0,0.0,0.0,7.0,-217.14285714285717,-1520.0,845.0,-1369.0,7.0,-929.6666666666666,-2789.0,-347.0,-1369.0,3.0,0.0,0.0,0.0,0.0,2.0,0.0,0.0,0.0,0.0,7.0,67854.85714285714,474984.0,91264.5,22086.0,7.0,12744.9,63724.5,63724.5,0.0,5.0,0.0,0.0,0.0,0.0,4.0,0.0,0.0,0.0,0.0,7.0,-405.8571428571428,-2841.0,-3.0,-1367.0,7.0,,0.0,,,0.0,8593.154999999999,34372.619999999995,14480.46,6042.915,4.0,120745.125,482980.5,290250.0,47115.0,4.0,106221.375,424885.5,232200.0,42403.5,4.0,15690.375,62761.5,58050.0,0.0,4.0,120745.125,482980.5,290250.0,47115.0,4.0,13.0,52.0,14.0,12.0,4.0,1.0,4.0,1.0,1.0,4.0,0.0816818181818181,0.3267272727272727,0.2178181818181818,0.0,4.0,,0.0,,,0.0,,0.0,,,0.0,-1779.5,-7118.0,-1049.0,-2370.0,4.0,167.5,670.0,200.0,120.0,4.0,17.0,68.0,24.0,8.0,4.0,365243.0,1095729.0,365243.0,365243.0,3.0,-1550.3333333333333,-4651.0,-1017.0,-2339.0,3.0,-980.3333333333334,-2941.0,-327.0,-2009.0,3.0,-1050.3333333333333,-3151.0,-537.0,-2009.0,3.0,-1045.6666666666667,-3137.0,-530.0,-2007.0,3.0,0.3333333333333333,1.0,1.0,0.0,3.0,1.0135135135135136,75.0,2.0,1.0,74.0,9.608108108108109,711.0,24.0,1.0,74.0,-1296.2027027027027,-95919.0,-537.0,-2902.0,74.0,-1297.581081081081,-96021.0,-539.0,-2914.0,74.0,10739.828918918918,794747.34,102028.14,4838.22,74.0,8391.646216216215,620981.82,102028.14,3.96,74.0,0,0.3328
100017,0,Cash loans,M,Y,N,1,225000.0,918468.0,28966.5,697500.0,Unaccompanied,Working,Secondary / secondary special,Married,House / apartment,0.016612,-14086,-3028.0,-643.0,-4911,23.0,1,1,0,1,0,0,Drivers,3.0,2,2,THURSDAY,13,0,0,0,0,0,0,Self-employed,,0.5669066132460429,0.7700870700124128,0.1474,0.0973,0.9806,0.7348,0.0582,0.16,0.1379,0.3333,0.375,0.0931,0.1202,0.1397,0.0,0.0,0.1502,0.101,0.9806,0.7452,0.0587,0.1611,0.1379,0.3333,0.375,0.0952,0.1313,0.1456,0.0,0.0,0.1489,0.0973,0.9806,0.7383,0.0585,0.16,0.1379,0.3333,0.375,0.0947,0.1223,0.1422,0.0,0.0,reg oper account,block of flats,0.1417,Panel,No,0.0,0.0,0.0,0.0,-4.0,0,1,0,0,0,0,0,0,0,0,0,0,0,0,0,0,0,0,0,0,0.0,0.0,0.0,0.0,0.0,1.0,-1944.3333333333333,-11666.0,-909.0,-2881.0,6.0,0.0,0.0,0.0,0.0,6.0,-1512.3333333333333,-9074.0,197.0,-2546.0,6.0,-1677.8333333333333,-10067.0,-738.0,-2575.0,6.0,0.0,0.0,0.0,0.0,3.0,0.0,0.0,0.0,0.0,6.0,143295.0,859770.0,315000.0,25231.5,6.0,0.0,0.0,0.0,0.0,3.0,0.0,0.0,0.0,0.0,3.0,0.0,0.0,0.0,0.0,6.0,-1594.3333333333333,-9566.0,-623.0,-2575.0,6.0,,0.0,,,0.0,14375.4075,28750.815,16967.295,11783.52,2.0,176665.5,353331.0,195291.0,158040.0,2.0,175565.25,351130.5,198409.5,152721.0,2.0,19152.0,38304.0,22500.0,15804.0,2.0,176665.5,353331.0,195291.0,158040.0,2.0,16.5,33.0,18.0,15.0,2.0,1.0,2.0,1.0,1.0,2.0,0.1065294460046603,0.2130588920093207,0.1109257205079249,0.1021331715013958,2.0,,0.0,,,0.0,,0.0,,,0.0,-1526.5,-3053.0,-612.0,-2441.0,2.0,1454.0,2908.0,2500.0,408.0,2.0,17.0,34.0,24.0,10.0,2.0,365243.0,730486.0,365243.0,365243.0,2.0,-1489.5,-2979.0,-581.0,-2398.0,2.0,-1009.5,-2019.0,109.0,-2128.0,2.0,181557.5,363115.0,365243.0,-2128.0,2.0,181560.5,363121.0,365243.0,-2122.0,2.0,0.5,1.0,1.0,0.0,2.0,1.0,30.0,1.0,1.0,30.0,8.833333333333334,265.0,20.0,1.0,30.0,-951.6666666666666,-28550.0,-11.0,-2398.0,30.0,-962.5333333333332,-28876.0,-21.0,-2422.0,30.0,13508.9205,405267.615,16967.295,11783.52,30.0,13508.9205,405267.615,16967.295,11783.52,30.0,0,0.1141
100018,0,Cash loans,F,N,Y,0,189000.0,773680.5,32778.0,679500.0,Unaccompanied,Working,Secondary / secondary special,Married,House / apartment,0.010006,-14583,-203.0,-615.0,-2056,,1,1,0,1,0,0,Laborers,2.0,2,1,MONDAY,9,0,0,0,0,0,0,Transport: type 2,0.7219397686622343,0.6426562048311103,,0.3495,0.1335,0.9985,0.9796,0.1143,0.4,0.1724,0.6667,0.7083,0.1758,0.2849,0.3774,0.0193,0.1001,0.3561,0.1386,0.9985,0.9804,0.1153,0.4028,0.1724,0.6667,0.7083,0.1798,0.3113,0.3932,0.0195,0.106,0.3529,0.1335,0.9985,0.9799,0.115,0.4,0.1724,0.6667,0.7083,0.1789,0.2899,0.3842,0.0194,0.1022,reg oper account,block of flats,0.3811,Panel,No,0.0,0.0,0.0,0.0,-188.0,0,1,0,0,0,0,0,0,0,0,0,0,0,0,0,0,0,0,0,0,,,,,,,,,,,,,,,,,,,,,,,,,,,,,,,,,,,,,,,,,,,,,,,,,,,,,,,,,,,,,,,,,,,38669.70375,154678.815,94906.035,4180.365,4.0,298363.46625,1193453.865,571774.5,36805.365,4.0,285989.59125,1143958.365,536364.0,36805.365,4.0,14295.375,57181.5,57181.5,0.0,4.0,298363.46625,1193453.865,571774.5,36805.365,4.0,15.25,61.0,16.0,14.0,4.0,1.0,4.0,1.0,1.0,4.0,0.0272292012927219,0.1089168051708877,0.1089168051708877,0.0,4.0,,0.0,,,0.0,,0.0,,,0.0,-755.25,-3021.0,-188.0,-1648.0,4.0,619.5,2478.0,1200.0,30.0,4.0,10.0,40.0,12.0,6.0,4.0,365243.0,1095729.0,365243.0,365243.0,3.0,-905.6666666666666,-2717.0,-149.0,-1613.0,3.0,-655.6666666666666,-1967.0,121.0,-1283.0,3.0,121057.66666666669,363173.0,365243.0,-1283.0,3.0,121061.33333333331,363184.0,365243.0,-1275.0,3.0,0.0,0.0,0.0,0.0,3.0,1.2083333333333333,29.0,2.0,1.0,24.0,5.041666666666667,121.0,12.0,1.0,24.0,-997.3333333333334,-23936.0,-29.0,-1613.0,24.0,-1004.2083333333334,-24101.0,-40.0,-1628.0,24.0,49114.6425,1178751.42,94906.035,4109.265,24.0,49114.6425,1178751.42,94906.035,4109.265,24.0,0,0.123
100019,0,Cash loans,M,Y,Y,0,157500.0,299772.0,20160.0,247500.0,Family,Working,Secondary / secondary special,Single / not married,Rented apartment,0.020713,-8728,-1157.0,-3494.0,-1368,17.0,1,1,0,1,0,0,Laborers,1.0,3,3,SATURDAY,6,0,0,0,1,1,0,Business Entity Type 2,0.1156343372622997,0.34663398139668,0.6785676886853644,,,,,,,,,,,,,,,,,,,,,,,,,,,,,,,,,,,,,,,,,,,,,,,,0.0,0.0,0.0,0.0,-925.0,0,0,0,0,0,0,1,0,0,0,0,0,0,0,0,0,0,0,0,0,0.0,0.0,0.0,0.0,0.0,1.0,-495.0,-990.0,-495.0,-495.0,2.0,0.0,0.0,0.0,0.0,2.0,5441.0,10882.0,10463.0,419.0,2.0,,0.0,,,0.0,0.0,0.0,0.0,0.0,2.0,0.0,0.0,0.0,0.0,2.0,360000.0,720000.0,450000.0,270000.0,2.0,122735.07,245470.14,245470.14,0.0,2.0,135000.0,270000.0,270000.0,0.0,2.0,0.0,0.0,0.0,0.0,2.0,-26.5,-53.0,-7.0,-46.0,2.0,27000.0,54000.0,27000.0,27000.0,2.0,10518.615,10518.615,10518.615,10518.615,1.0,84136.5,84136.5,84136.5,84136.5,1.0,104683.5,104683.5,104683.5,104683.5,1.0,0.0,0.0,0.0,0.0,1.0,84136.5,84136.5,84136.5,84136.5,1.0,10.0,10.0,10.0,10.0,1.0,1.0,1.0,1.0,1.0,1.0,0.0,0.0,0.0,0.0,1.0,,0.0,,,0.0,,0.0,,,0.0,-925.0,-925.0,-925.0,-925.0,1.0,1000.0,1000.0,1000.0,1000.0,1.0,12.0,12.0,12.0,12.0,1.0,365243.0,365243.0,365243.0,365243.0,1.0,-894.0,-894.0,-894.0,-894.0,1.0,-564.0,-564.0,-564.0,-564.0,1.0,-714.0,-714.0,-714.0,-714.0,1.0,-705.0,-705.0,-705.0,-705.0,1.0,0.0,0.0,0.0,0.0,1.0,1.5,12.0,4.0,1.0,8.0,4.25,34.0,7.0,1.0,8.0,-796.5,-6372.0,-714.0,-894.0,8.0,-827.0,-6616.0,-716.0,-910.0,8.0,15090.46875,120723.75,33850.665,10518.615,8.0,20636.62875,165093.03,44369.28,10518.615,8.0,0,0.2673
100020,0,Cash loans,M,N,N,0,108000.0,509602.5,26149.5,387000.0,Unaccompanied,Working,Secondary / secondary special,Married,House / apartment,0.018634,-12931,-1317.0,-6392.0,-3866,,1,1,0,1,0,0,Drivers,2.0,2,2,THURSDAY,12,0,0,0,1,1,0,Government,,0.2363778398884225,0.0621030378372968,,,,,,,,,,,,,,,,,,,,,,,,,,,,,,,,,,,,,,,,,,,,,,,,0.0,0.0,0.0,0.0,-3.0,0,1,0,0,0,0,0,0,0,0,0,0,0,0,0,0,0,0,0,0,0.0,0.0,0.0,0.0,1.0,0.0,-261.5,-1046.0,-90.0,-492.0,4.0,0.0,0.0,0.0,0.0,4.0,-32.5,-130.0,277.0,-311.0,4.0,-223.0,-446.0,-135.0,-311.0,2.0,0.0,0.0,0.0,0.0,4.0,0.0,0.0,0.0,0.0,4.0,49871.25,199485.0,135000.0,16200.0,4.0,30772.125,123088.5,117243.0,0.0,4.0,0.0,0.0,0.0,0.0,4.0,0.0,0.0,0.0,0.0,4.0,-130.75,-523.0,-28.0,-310.0,4.0,,0.0,,,0.0,7254.5175,14509.035,8779.77,5729.265,2.0,39206.25,78412.5,45900.0,32512.5,2.0,41706.0,83412.0,48325.5,35086.5,2.0,0.0,0.0,0.0,0.0,2.0,39206.25,78412.5,45900.0,32512.5,2.0,10.5,21.0,11.0,10.0,2.0,1.0,2.0,1.0,1.0,2.0,0.0,0.0,0.0,0.0,2.0,,0.0,,,0.0,,0.0,,,0.0,-357.5,-715.0,-243.0,-472.0,2.0,300.0,600.0,550.0,50.0,2.0,7.0,14.0,8.0,6.0,2.0,365243.0,730486.0,365243.0,365243.0,2.0,-326.0,-652.0,-211.0,-441.0,2.0,-146.0,-292.0,-1.0,-291.0,2.0,182476.0,364952.0,365243.0,-291.0,2.0,182479.5,364959.0,365243.0,-284.0,2.0,0.0,0.0,0.0,0.0,2.0,1.0,13.0,1.0,1.0,13.0,3.769230769230769,49.0,7.0,1.0,13.0,-234.07692307692307,-3043.0,-31.0,-441.0,13.0,-242.69230769230768,-3155.0,-35.0,-448.0,13.0,7136.958461538462,92780.46,8779.77,5729.265,13.0,7136.958461538462,92780.46,8779.77,5729.265,13.0,1,0.7892
100021,0,Revolving loans,F,N,Y,1,81000.0,270000.0,13500.0,270000.0,Unaccompanied,Working,Secondary / secondary special,Married,House / apartment,0.010966,-9776,-191.0,-4143.0,-2427,,1,1,0,1,0,0,Laborers,3.0,2,2,MONDAY,10,0,0,0,1,1,0,Construction,,0.6835133461914255,,,,,,,,,,,,,,,,,,,,,,,,,,,,,,,,,,,,,,,,,,,,,,,,,4.0,0.0,4.0,0.0,-2811.0,0,0,0,0,0,0,0,0,0,0,0,0,0,0,0,0,0,0,0,0,,,,,,,,,,,,,,,,,,,,,,,,,,,,,,,,,,,,,,,,,,,,,,,,,,,,,,,,,,,,,,,,,,,10686.165,64116.99,33750.0,2709.45,6.0,40961.25,245767.5,99189.0,0.0,6.0,153615.75,921694.5,675000.0,13500.0,6.0,3770.1,18850.5,9922.5,0.0,5.0,49153.5,245767.5,99189.0,22428.0,5.0,15.666666666666666,94.0,19.0,14.0,6.0,1.0,6.0,1.0,1.0,6.0,0.1066061776681036,0.533030888340518,0.4335385962352253,0.0,5.0,,0.0,,,0.0,,0.0,,,0.0,-943.8333333333334,-5663.0,-261.0,-2811.0,6.0,2073.0,12438.0,6000.0,-1.0,6.0,7.0,42.0,12.0,0.0,6.0,365243.0,1826215.0,365243.0,365243.0,5.0,72171.4,360857.0,365243.0,-2772.0,5.0,72363.4,361817.0,365243.0,-2622.0,5.0,145338.0,726690.0,365243.0,-2622.0,5.0,72234.4,361172.0,365243.0,-2584.0,5.0,0.0,0.0,0.0,0.0,5.0,1.0869565217391304,25.0,2.0,1.0,23.0,3.652173913043478,84.0,8.0,1.0,23.0,-1010.9130434782608,-23251.0,-20.0,-2772.0,23.0,-1023.217391304348,-23534.0,-66.0,-2776.0,23.0,9059.022391304348,208357.515,52236.18,2705.76,23.0,9059.022391304348,208357.515,52236.18,2705.76,23.0,0,0.1895
100022,0,Revolving loans,F,N,Y,0,112500.0,157500.0,7875.0,157500.0,Other_A,Working,Secondary / secondary special,Widow,House / apartment,0.04622,-17718,-7804.0,-8751.0,-1259,,1,1,0,1,1,0,Laborers,1.0,1,1,FRIDAY,13,0,0,0,0,0,0,Housing,,0.7064284028871654,0.5567274263630174,0.0278,0.0617,0.9881,0.8368,0.0018,0.0,0.1034,0.0833,0.125,0.0279,0.0227,0.029,0.0,0.0,0.0284,0.064,0.9881,0.8432,0.0018,0.0,0.1034,0.0833,0.125,0.0286,0.0248,0.0302,0.0,0.0,0.0281,0.0617,0.9881,0.8390000000000001,0.0018,0.0,0.1034,0.0833,0.125,0.0284,0.0231,0.0295,0.0,0.0,reg oper account,block of flats,0.0238,"Stone, brick",No,8.0,0.0,8.0,0.0,-239.0,0,1,0,0,0,0,0,0,0,0,0,0,0,0,0,0,0,0,0,0,0.0,0.0,0.0,0.0,0.0,0.0,-337.0,-674.0,-289.0,-385.0,2.0,0.0,0.0,0.0,0.0,2.0,940.0,1880.0,1439.0,441.0,2.0,,0.0,,,0.0,0.0,0.0,0.0,0.0,1.0,0.0,0.0,0.0,0.0,2.0,528750.0,1057500.0,765000.0,292500.0,2.0,205276.5,205276.5,205276.5,205276.5,1.0,0.0,0.0,0.0,0.0,1.0,0.0,0.0,0.0,0.0,2.0,-28.0,-56.0,-18.0,-38.0,2.0,,0.0,,,0.0,6765.975,6765.975,6765.975,6765.975,1.0,89091.0,89091.0,89091.0,89091.0,1.0,103203.0,103203.0,103203.0,103203.0,1.0,0.0,0.0,0.0,0.0,1.0,89091.0,89091.0,89091.0,89091.0,1.0,18.0,18.0,18.0,18.0,1.0,1.0,1.0,1.0,1.0,1.0,0.0,0.0,0.0,0.0,1.0,,0.0,,,0.0,,0.0,,,0.0,-239.0,-239.0,-239.0,-239.0,1.0,-1.0,-1.0,-1.0,-1.0,1.0,18.0,18.0,18.0,18.0,1.0,365243.0,365243.0,365243.0,365243.0,1.0,-209.0,-209.0,-209.0,-209.0,1.0,301.0,301.0,301.0,301.0,1.0,365243.0,365243.0,365243.0,365243.0,1.0,365243.0,365243.0,365243.0,365243.0,1.0,1.0,1.0,1.0,1.0,1.0,1.0,7.0,1.0,1.0,7.0,4.0,28.0,7.0,1.0,7.0,-119.0,-833.0,-29.0,-209.0,7.0,-142.42857142857142,-997.0,-51.0,-231.0,7.0,6765.975,47361.825,6765.975,6765.975,7.0,6765.975,47361.825,6765.975,6765.975,7.0,0,0.1601
100023,0,Cash loans,F,N,Y,1,90000.0,544491.0,17563.5,454500.0,Unaccompanied,State servant,Higher education,Single / not married,House / apartment,0.015221,-11348,-2038.0,-1021.0,-3964,,1,1,1,1,1,0,Core staff,2.0,2,2,MONDAY,12,0,0,0,0,0,0,Kindergarten,,0.5866171400119664,0.4776491548517548,,,,,,,,,,,,,,,,,,,,,,,,,,,,,,,,,,,,,,,,,,,,,,,,0.0,0.0,0.0,0.0,-1850.0,0,1,0,0,0,0,0,0,0,0,0,0,0,0,0,0,0,0,0,0,0.0,0.0,0.0,0.0,0.0,2.0,-1164.3846153846157,-15137.0,-157.0,-2624.0,13.0,0.0,0.0,0.0,0.0,13.0,-364.9166666666667,-4379.0,1669.0,-2228.0,12.0,-997.3,-9973.0,-138.0,-2335.0,10.0,2720.85,8162.55,5980.05,0.0,3.0,0.0,0.0,0.0,0.0,13.0,126591.71884615385,1645692.345,444078.0,22500.0,13.0,13703.85,137038.5,70443.0,0.0,10.0,0.0,0.0,0.0,0.0,6.0,0.0,0.0,0.0,0.0,13.0,-634.0769230769231,-8243.0,-5.0,-2287.0,13.0,,0.0,,,0.0,8895.8925,35583.57,16822.44,2250.0,4.0,98746.875,394987.5,180000.0,45000.0,4.0,113517.0,454068.0,239242.5,45000.0,4.0,8435.25,16870.5,9000.0,7870.5,2.0,98746.875,394987.5,180000.0,45000.0,4.0,10.0,40.0,11.0,9.0,4.0,1.0,4.0,1.0,1.0,4.0,0.0986694520184929,0.1973389040369859,0.101379530576401,0.0959593734605849,2.0,,0.0,,,0.0,,0.0,,,0.0,-1215.75,-4863.0,-262.0,-2424.0,4.0,382.0,1528.0,1500.0,4.0,4.0,12.5,50.0,24.0,0.0,4.0,365243.0,1460972.0,365243.0,365243.0,4.0,90199.75,360799.0,365243.0,-2393.0,4.0,90552.25,362209.0,365243.0,-2123.0,4.0,90372.25,361489.0,365243.0,-2183.0,4.0,90377.25,361509.0,365243.0,-2178.0,4.0,0.5,2.0,1.0,0.0,4.0,1.1153846153846154,29.0,2.0,1.0,26.0,5.807692307692308,151.0,14.0,1.0,26.0,-1607.2307692307693,-41788.0,-142.0,-2393.0,26.0,-1622.8846153846157,-42195.0,-166.0,-2393.0,26.0,18982.58019230769,493547.085,231819.525,7992.0,26.0,18982.58019230769,493547.085,231819.525,7992.0,26.0,0,0.1982
100024,0,Revolving loans,M,Y,Y,0,135000.0,427500.0,21375.0,427500.0,Unaccompanied,Working,Secondary / secondary special,Married,House / apartment,0.015221,-18252,-4286.0,-298.0,-1800,7.0,1,1,0,1,0,0,Laborers,2.0,2,2,FRIDAY,13,0,0,0,0,0,0,Self-employed,0.5656548824667073,0.113374512719927,,0.0722,0.0801,0.9781,0.7008,,0.0,0.1379,0.1667,0.0417,0.0534,0.0588,0.0619,0.0,0.0,0.0735,0.0831,0.9782,0.7125,,0.0,0.1379,0.1667,0.0417,0.0546,0.0643,0.0645,0.0,0.0,0.0729,0.0801,0.9781,0.7048,,0.0,0.1379,0.1667,0.0417,0.0543,0.0599,0.063,0.0,0.0,reg oper account,block of flats,0.053,"Stone, brick",No,0.0,0.0,0.0,0.0,-296.0,0,0,0,0,0,0,0,0,0,0,0,0,0,0,0,0,0,0,0,0,,,,,,,,,,,,,,,,,,,,,,,,,,,,,,,,,,,,,,,,,,,,,,,,,,,,,,,,,,,,,,,,,,,,,,,,,,,,,,,,,,,,,,,,,,,,,,,,,,,,,,,,,,,,,,,,,,,,,,,,,,,,,,,,,,,,,,,,,,,,,,,,,,,,,,,,,,,,,,,,,,,,,,,,,,,,,,,,,,,,,,,,,,,,,,,,0,0.3401
100025,0,Cash loans,F,Y,Y,1,202500.0,1132573.5,37561.5,927000.0,Unaccompanied,Commercial associate,Secondary / secondary special,Married,House / apartment,0.025164,-14815,-1652.0,-2299.0,-2299,14.0,1,1,0,1,0,0,Sales staff,3.0,2,2,MONDAY,9,0,0,0,0,0,0,Trade: type 7,0.4377090198475417,0.2337669575081463,0.5424451438613613,,,,,,,,,,,,,,,,,,,,,,,,,,,,,,,,,,,,,,,,,,,,,,,,0.0,0.0,0.0,0.0,0.0,0,1,0,0,0,0,0,0,0,0,0,0,0,0,0,0,0,0,0,0,0.0,0.0,0.0,0.0,1.0,4.0,-700.0,-700.0,-700.0,-700.0,1.0,0.0,0.0,0.0,0.0,1.0,1124.0,1124.0,1124.0,1124.0,1.0,,0.0,,,0.0,,0.0,,,0.0,0.0,0.0,0.0,0.0,1.0,2452500.0,2452500.0,2452500.0,2452500.0,1.0,1886544.0,1886544.0,1886544.0,1886544.0,1.0,0.0,0.0,0.0,0.0,1.0,0.0,0.0,0.0,0.0,1.0,-49.0,-49.0,-49.0,-49.0,1.0,,0.0,,,0.0,27645.59571428571,193519.17,55678.095,7159.545,7.0,259795.344375,2078362.755,900000.0,0.0,8.0,295425.781875,2363406.255,1042560.0,0.0,8.0,5845.5,23382.0,23382.0,0.0,4.0,296908.965,2078362.755,900000.0,58455.0,7.0,14.375,115.0,17.0,11.0,8.0,1.0,8.0,1.0,1.0,8.0,0.1057662298825576,0.4230649195302306,0.4230649195302306,0.0,4.0,,0.0,,,0.0,,0.0,,,0.0,-731.0,-5848.0,-7.0,-2060.0,8.0,120.75,966.0,911.0,-1.0,8.0,13.714285714285714,96.0,24.0,6.0,7.0,365243.0,1826215.0,365243.0,365243.0,5.0,71931.2,359656.0,365243.0,-2029.0,5.0,-746.2,-3731.0,176.0,-1879.0,5.0,72127.8,360639.0,365243.0,-1879.0,5.0,72135.6,360678.0,365243.0,-1870.0,5.0,0.6,3.0,1.0,0.0,5.0,1.0434782608695652,48.0,2.0,1.0,46.0,7.586956521739131,349.0,18.0,1.0,46.0,-1294.2391304347825,-59535.0,-678.0,-2029.0,46.0,-1304.3260869565215,-59999.0,-697.0,-2035.0,46.0,36369.35804347826,1672990.47,376810.425,7123.185,46.0,31358.61586956522,1442496.33,376810.425,2.925,46.0,0,0.4259
100026,0,Cash loans,F,N,N,1,450000.0,497520.0,32521.5,450000.0,Unaccompanied,Working,Secondary / secondary special,Married,Rented apartment,0.020713,-11146,-4306.0,-114.0,-2518,,1,1,0,1,0,0,Sales staff,3.0,3,2,THURSDAY,6,0,0,0,0,0,0,Self-employed,,0.457142971588935,0.3589512285783967,0.0907,0.0795,0.9786,0.7076,0.012,0.0,0.2069,0.1667,0.2083,0.0898,0.0723,0.0873,0.0077,0.0044,0.0924,0.0825,0.9786,0.7190000000000001,0.0121,0.0,0.2069,0.1667,0.2083,0.0918,0.079,0.091,0.0078,0.0047,0.0916,0.0795,0.9786,0.7115,0.012,0.0,0.2069,0.1667,0.2083,0.0913,0.0735,0.0889,0.0078,0.0045,reg oper account,block of flats,0.0696,Panel,No,0.0,0.0,0.0,0.0,-468.0,0,1,0,0,0,0,0,0,0,0,0,0,0,0,0,0,0,0,0,0,0.0,0.0,0.0,0.0,0.0,5.0,-679.0,-2037.0,-148.0,-1644.0,3.0,0.0,0.0,0.0,0.0,3.0,899.0,1798.0,1581.0,217.0,2.0,-916.0,-916.0,-916.0,-916.0,1.0,0.0,0.0,0.0,0.0,1.0,0.0,0.0,0.0,0.0,3.0,1875000.0,5625000.0,2700000.0,1350000.0,3.0,1738907.19,3477814.38,2542576.5,935237.88,2.0,0.0,0.0,0.0,0.0,2.0,0.0,0.0,0.0,0.0,3.0,-314.6666666666667,-944.0,-7.0,-914.0,3.0,,0.0,,,0.0,33193.665,66387.33,42778.845,23608.485,2.0,269115.0,807345.0,675000.0,0.0,3.0,292281.0,876843.0,744498.0,0.0,3.0,0.0,0.0,0.0,0.0,1.0,403672.5,807345.0,675000.0,132345.0,2.0,8.333333333333334,25.0,12.0,6.0,3.0,1.0,3.0,1.0,1.0,3.0,0.0,0.0,0.0,0.0,1.0,,0.0,,,0.0,,0.0,,,0.0,-682.3333333333334,-2047.0,-152.0,-1427.0,3.0,66.0,198.0,200.0,-1.0,3.0,21.0,42.0,36.0,6.0,2.0,365243.0,730486.0,365243.0,365243.0,2.0,-917.0,-1834.0,-438.0,-1396.0,2.0,-317.0,-634.0,612.0,-1246.0,2.0,-827.0,-1654.0,-408.0,-1246.0,2.0,-810.0,-1620.0,-377.0,-1243.0,2.0,0.5,1.0,1.0,0.0,2.0,1.125,9.0,2.0,1.0,8.0,3.0,24.0,6.0,1.0,8.0,-1096.5,-8772.0,-408.0,-1396.0,8.0,-1105.875,-8847.0,-425.0,-1409.0,8.0,119294.595,954356.76,770004.315,23531.175,8.0,119294.595,954356.76,770004.315,23531.175,8.0,1,0.5518
100027,0,Cash loans,F,N,Y,0,83250.0,239850.0,23850.0,225000.0,Unaccompanied,Pensioner,Secondary / secondary special,Married,House / apartment,0.006296,-24827,,-9012.0,-3684,,1,0,0,1,1,0,,2.0,3,3,FRIDAY,12,0,0,0,0,0,0,XNA,,0.6243047373592765,0.6690566947824041,0.1443,0.0848,0.9876,0.83,0.1064,0.14,0.1207,0.375,0.4167,0.2371,0.1173,0.1484,0.0019,0.0007,0.1261,0.0754,0.9876,0.8367,0.0,0.1208,0.1034,0.375,0.4167,0.2425,0.1102,0.0923,0.0,0.0,0.1457,0.0848,0.9876,0.8323,0.1071,0.14,0.1207,0.375,0.4167,0.2412,0.1193,0.151,0.0019,0.0007,org spec account,block of flats,0.1639999999999999,Mixed,No,0.0,0.0,0.0,0.0,-795.0,0,0,0,0,1,0,0,0,0,0,0,0,0,0,0,0,0,0,0,0,0.0,0.0,0.0,0.0,0.0,3.0,-793.0,-2379.0,-143.0,-1983.0,3.0,0.0,0.0,0.0,0.0,3.0,-278.3333333333333,-835.0,944.0,-1649.0,3.0,-902.5,-1805.0,-130.0,-1675.0,2.0,2565.0,5130.0,5130.0,0.0,2.0,0.0,0.0,0.0,0.0,3.0,208432.5,625297.5,427500.0,40297.5,3.0,125571.0,376713.0,376713.0,0.0,3.0,0.0,0.0,0.0,0.0,3.0,0.0,0.0,0.0,0.0,3.0,-600.6666666666666,-1802.0,-3.0,-1675.0,3.0,,0.0,,,0.0,24067.755,72203.265,28077.57,21569.22,3.0,163621.125,654484.5,226984.5,0.0,4.0,173795.625,695182.5,239850.0,0.0,4.0,0.0,0.0,0.0,0.0,1.0,218161.5,654484.5,226984.5,202500.0,3.0,14.25,57.0,16.0,13.0,4.0,1.0,4.0,1.0,1.0,4.0,0.0,0.0,0.0,0.0,1.0,,0.0,,,0.0,,0.0,,,0.0,-407.0,-1628.0,-181.0,-795.0,4.0,557.25,2229.0,2200.0,5.0,4.0,11.333333333333334,34.0,12.0,10.0,3.0,365243.0,730486.0,365243.0,365243.0,2.0,-602.5,-1205.0,-441.0,-764.0,2.0,-302.5,-605.0,-111.0,-494.0,2.0,-302.5,-605.0,-111.0,-494.0,2.0,-295.5,-591.0,-103.0,-488.0,2.0,0.5,1.0,1.0,0.0,2.0,1.0,22.0,1.0,1.0,22.0,6.045454545454546,133.0,12.0,1.0,22.0,-436.45454545454544,-9602.0,-111.0,-764.0,22.0,-446.0,-9812.0,-116.0,-774.0,22.0,24519.28909090909,539424.36,28077.57,21553.74,22.0,24519.28909090909,539424.36,28077.57,21553.74,22.0,0,0.1621
100029,0,Cash loans,M,Y,N,2,135000.0,247500.0,12703.5,247500.0,Unaccompanied,Working,Secondary / secondary special,Married,House / apartment,0.026392,-11286,-746.0,-108.0,-3729,7.0,1,1,0,1,0,0,Drivers,4.0,2,2,THURSDAY,14,0,0,0,0,1,1,Business Entity Type 3,,0.7861793090532118,0.5656079814115492,0.1433,0.1455,0.9861,0.8096,0.0212,0.0,0.3103,0.1667,0.2083,0.0861,0.1168,0.1217,0.0,0.0043,0.146,0.1509,0.9861,0.8171,0.0214,0.0,0.3103,0.1667,0.2083,0.0881,0.1276,0.1268,0.0,0.0045,0.1447,0.1455,0.9861,0.8121,0.0214,0.0,0.3103,0.1667,0.2083,0.0876,0.1189,0.1239,0.0,0.0044,reg oper account,block of flats,0.0967,Panel,No,1.0,1.0,1.0,0.0,-4.0,0,1,0,0,0,0,0,0,0,0,0,0,0,0,0,0,0,0,0,0,0.0,0.0,0.0,0.0,0.0,0.0,-1416.75,-5667.0,-110.0,-2806.0,4.0,0.0,0.0,0.0,0.0,4.0,-336.3333333333333,-1009.0,1563.0,-1286.0,3.0,-1541.3333333333333,-4624.0,-1266.0,-2064.0,3.0,,0.0,,,0.0,0.0,0.0,0.0,0.0,4.0,1857008.25,7428033.0,3735000.0,24016.5,4.0,1227429.0,3682287.0,3682287.0,0.0,3.0,0.0,0.0,0.0,0.0,1.0,0.0,0.0,0.0,0.0,4.0,-1041.75,-4167.0,-17.0,-2064.0,4.0,,0.0,,,0.0,22891.68,22891.68,22891.68,22891.68,1.0,126000.0,126000.0,126000.0,126000.0,1.0,126000.0,126000.0,126000.0,126000.0,1.0,0.0,0.0,0.0,0.0,1.0,126000.0,126000.0,126000.0,126000.0,1.0,18.0,18.0,18.0,18.0,1.0,1.0,1.0,1.0,1.0,1.0,0.0,0.0,0.0,0.0,1.0,,0.0,,,0.0,,0.0,,,0.0,-324.0,-324.0,-324.0,-324.0,1.0,18.0,18.0,18.0,18.0,1.0,6.0,6.0,6.0,6.0,1.0,365243.0,365243.0,365243.0,365243.0,1.0,-293.0,-293.0,-293.0,-293.0,1.0,-143.0,-143.0,-143.0,-143.0,1.0,-203.0,-203.0,-203.0,-203.0,1.0,-197.0,-197.0,-197.0,-197.0,1.0,0.0,0.0,0.0,0.0,1.0,1.25,5.0,2.0,1.0,4.0,2.5,10.0,4.0,1.0,4.0,-248.0,-992.0,-203.0,-293.0,4.0,-267.75,-1071.0,-224.0,-313.0,4.0,33917.09625,135668.385,66993.345,22891.68,4.0,33917.09625,135668.385,66993.345,22891.68,4.0,0,0.1027
100030,0,Cash loans,F,N,Y,0,90000.0,225000.0,11074.5,225000.0,Unaccompanied,Working,Secondary / secondary special,Married,House / apartment,0.028663,-19334,-3494.0,-2419.0,-2893,,1,1,0,1,1,0,Cleaning staff,2.0,2,2,SATURDAY,8,0,0,0,0,0,0,Business Entity Type 3,0.5619484093041138,0.6514056365297631,0.4614823912998385,0.0722,0.0147,0.9781,0.7008,0.001,0.0,0.1379,0.1667,0.0417,0.0498,0.0588,0.067,0.0,0.0,0.0735,0.0153,0.9782,0.7125,0.001,0.0,0.1379,0.1667,0.0417,0.0509,0.0643,0.0698,0.0,0.0,0.0729,0.0147,0.9781,0.7048,0.001,0.0,0.1379,0.1667,0.0417,0.0506,0.0599,0.0682,0.0,0.0,reg oper account,block of flats,0.0533,"Stone, brick",No,0.0,0.0,0.0,0.0,0.0,0,1,0,0,0,0,0,0,0,0,0,0,0,0,0,0,0,0,0,0,0.0,0.0,0.0,0.0,0.0,0.0,-930.8333333333334,-5585.0,-418.0,-1547.0,6.0,0.0,0.0,0.0,0.0,6.0,-61.6,-308.0,1409.0,-1173.0,5.0,-624.0,-2496.0,-127.0,-1173.0,4.0,0.0,0.0,0.0,0.0,6.0,0.0,0.0,0.0,0.0,6.0,107238.495,643430.97,508500.0,0.0,6.0,75273.75,451642.5,432301.5,0.0,6.0,4276.005,25656.03,25656.03,0.0,6.0,0.0,0.0,0.0,0.0,6.0,-411.1666666666667,-2467.0,-9.0,-1173.0,6.0,,0.0,,,0.0,4731.04125,37848.33,9035.685,2826.45,8.0,33497.26875,401967.225,47241.0,17055.0,12.0,32534.64375,390415.725,49734.0,15349.5,12.0,1262.625,15151.5,6714.0,0.0,12.0,33497.26875,401967.225,47241.0,17055.0,12.0,12.5,150.0,16.0,7.0,12.0,1.0,12.0,1.0,1.0,12.0,0.0448038956543629,0.5376467478523552,0.2109194751250825,0.0,12.0,,0.0,,,0.0,,0.0,,,0.0,-1981.0833333333333,-23773.0,-378.0,-2856.0,12.0,75.83333333333333,910.0,500.0,10.0,12.0,8.625,69.0,12.0,4.0,8.0,365243.0,730486.0,365243.0,365243.0,2.0,-1582.5,-3165.0,-347.0,-2818.0,2.0,-1462.5,-2925.0,-197.0,-2728.0,2.0,-1522.5,-3045.0,-227.0,-2818.0,2.0,-1427.0,-2854.0,-223.0,-2631.0,2.0,0.0,0.0,0.0,0.0,2.0,1.3333333333333333,8.0,2.0,1.0,6.0,2.6666666666666665,16.0,5.0,1.0,6.0,-708.8333333333334,-4253.0,-227.0,-2818.0,6.0,-730.6666666666666,-4384.0,-233.0,-2818.0,6.0,11820.645,70923.87,17846.145,9035.685,6.0,11820.645,70923.87,17846.145,9035.685,6.0,0,0.1888
100031,1,Cash loans,F,N,Y,0,112500.0,979992.0,27076.5,702000.0,Unaccompanied,Working,Secondary / secondary special,Widow,House / apartment,0.018029,-18724,-2628.0,-6573.0,-1827,,1,1,0,1,0,0,Cooking staff,1.0,3,2,MONDAY,9,0,0,0,0,0,0,Business Entity Type 3,,0.5484771599678789,0.190705947811054,0.0165,0.0089,0.9732,,,0.0,0.069,0.0417,,0.0265,,0.0094,,0.0,0.0168,0.0092,0.9732,,,0.0,0.069,0.0417,,0.0271,,0.0083,,0.0,0.0167,0.0089,0.9732,,,0.0,0.069,0.0417,,0.027,,0.0096,,0.0,,block of flats,0.0085,Wooden,Yes,10.0,1.0,10.0,0.0,-161.0,0,1,0,0,0,0,0,0,0,0,0,0,0,0,1,0,0,0,0,0,0.0,0.0,0.0,0.0,2.0,2.0,-579.5714285714286,-4057.0,-75.0,-1365.0,7.0,0.0,0.0,0.0,0.0,7.0,468.6,2343.0,1021.0,-269.0,5.0,-449.0,-1796.0,-73.0,-991.0,4.0,,0.0,,,0.0,0.0,0.0,0.0,0.0,7.0,567235.9285714285,3970651.5,1350000.0,90000.0,7.0,562500.0,1125000.0,1125000.0,0.0,2.0,,0.0,,,0.0,0.0,0.0,0.0,0.0,7.0,-266.2857142857143,-1864.0,-9.0,-989.0,7.0,,0.0,,,0.0,,,,,,,,,,,,,,,,,,,,,,,,,,,,,,,,,,,,,,,,,,,,,,,,,,,,,,,,,,,,,,,,,,,,,,,,,,,,,,,,,,,,,,,,,,,,,,,,,,,,,,,,,,,,,,,,,,,,,,,,,,,,,,1,0.6869
100032,0,Cash loans,M,N,Y,1,112500.0,327024.0,23827.5,270000.0,Family,Working,Secondary / secondary special,Married,House / apartment,0.019101,-15948,-1234.0,-5782.0,-3153,,1,1,0,1,0,0,Laborers,3.0,2,2,SATURDAY,10,0,0,0,0,1,1,Industry: type 11,,0.5411237022695412,0.6594055320683344,,,,,,,,,,,,,,,,,,,,,,,,,,,,,,,,,,,,,,,,,,,,,,,,2.0,0.0,2.0,0.0,-2.0,0,1,0,0,0,0,0,0,0,0,0,0,0,0,0,0,0,0,0,0,0.0,0.0,0.0,0.0,0.0,0.0,-1071.0,-4284.0,-556.0,-1389.0,4.0,0.0,0.0,0.0,0.0,4.0,-525.25,-2101.0,-191.0,-662.0,4.0,-636.6666666666666,-1910.0,-586.0,-662.0,3.0,0.0,0.0,0.0,0.0,2.0,0.0,0.0,0.0,0.0,4.0,317790.0,1271160.0,454500.0,152910.0,4.0,0.0,0.0,0.0,0.0,4.0,0.0,0.0,0.0,0.0,4.0,0.0,0.0,0.0,0.0,4.0,-436.75,-1747.0,-54.0,-652.0,4.0,17437.5,69750.0,17437.5,17437.5,4.0,7910.145,7910.145,7910.145,7910.145,1.0,69255.0,69255.0,69255.0,69255.0,1.0,42255.0,42255.0,42255.0,42255.0,1.0,27000.0,27000.0,27000.0,27000.0,1.0,69255.0,69255.0,69255.0,69255.0,1.0,10.0,10.0,10.0,10.0,1.0,1.0,1.0,1.0,1.0,1.0,0.4245968456494773,0.4245968456494773,0.4245968456494773,0.4245968456494773,1.0,,0.0,,,0.0,,0.0,,,0.0,-1497.0,-1497.0,-1497.0,-1497.0,1.0,246.0,246.0,246.0,246.0,1.0,6.0,6.0,6.0,6.0,1.0,365243.0,365243.0,365243.0,365243.0,1.0,-1466.0,-1466.0,-1466.0,-1466.0,1.0,-1316.0,-1316.0,-1316.0,-1316.0,1.0,-1316.0,-1316.0,-1316.0,-1316.0,1.0,-1300.0,-1300.0,-1300.0,-1300.0,1.0,0.0,0.0,0.0,0.0,1.0,1.0,7.0,1.0,1.0,7.0,3.857142857142857,27.0,6.0,1.0,7.0,-1380.2857142857142,-9662.0,-1316.0,-1466.0,7.0,-1426.142857142857,-9983.0,-1307.0,-1496.0,7.0,7910.762142857144,55375.33500000001,7912.305,7910.145,7.0,6780.432857142857,47463.03,7910.145,4.275,7.0,0,0.4104
100033,0,Cash loans,M,Y,Y,0,270000.0,790830.0,57676.5,675000.0,Unaccompanied,State servant,Higher education,Single / not married,House / apartment,0.04622,-9994,-1796.0,-4668.0,-2661,1.0,1,1,0,1,0,1,,1.0,1,1,WEDNESDAY,11,0,1,1,0,0,0,Military,0.6003959050009468,0.6850109901296888,0.524496446363472,,,,,,,,,,,,,,,,,,,,,,,,,,,,,,,,,,,,,,,,,,,,,,,,0.0,0.0,0.0,0.0,-849.0,0,0,0,0,0,0,1,0,0,0,0,0,0,0,0,0,0,0,0,0,0.0,0.0,0.0,1.0,0.0,1.0,-195.0,-195.0,-195.0,-195.0,1.0,0.0,0.0,0.0,0.0,1.0,913.0,913.0,913.0,913.0,1.0,,0.0,,,0.0,,0.0,,,0.0,0.0,0.0,0.0,0.0,1.0,675000.0,675000.0,675000.0,675000.0,1.0,0.0,0.0,0.0,0.0,1.0,0.0,0.0,0.0,0.0,1.0,0.0,0.0,0.0,0.0,1.0,-169.0,-169.0,-169.0,-169.0,1.0,,0.0,,,0.0,5542.92,5542.92,5542.92,5542.92,1.0,53599.5,53599.5,53599.5,53599.5,1.0,53329.5,53329.5,53329.5,53329.5,1.0,5364.0,5364.0,5364.0,5364.0,1.0,53599.5,53599.5,53599.5,53599.5,1.0,14.0,14.0,14.0,14.0,1.0,1.0,1.0,1.0,1.0,1.0,0.0995320373868253,0.0995320373868253,0.0995320373868253,0.0995320373868253,1.0,,0.0,,,0.0,,0.0,,,0.0,-849.0,-849.0,-849.0,-849.0,1.0,20.0,20.0,20.0,20.0,1.0,12.0,12.0,12.0,12.0,1.0,365243.0,365243.0,365243.0,365243.0,1.0,-818.0,-818.0,-818.0,-818.0,1.0,-488.0,-488.0,-488.0,-488.0,1.0,-488.0,-488.0,-488.0,-488.0,1.0,-486.0,-486.0,-486.0,-486.0,1.0,0.0,0.0,0.0,0.0,1.0,3.5161290322580645,109.0,13.0,1.0,31.0,45.16129032258065,1400.0,112.0,1.0,31.0,-635.2903225806451,-19694.0,-488.0,-818.0,31.0,-618.2903225806451,-19167.0,-495.0,-823.0,31.0,3490.712419354839,108212.085,5542.92,108.36,31.0,2239.0853225806454,69411.645,5542.92,1.08,31.0,0,0.4001
100034,0,Revolving loans,M,N,Y,0,90000.0,180000.0,9000.0,180000.0,Unaccompanied,Working,Higher education,Single / not married,With parents,0.030755,-10341,-1010.0,-4799.0,-3015,,1,1,0,1,0,0,Laborers,1.0,2,2,TUESDAY,16,0,0,0,0,0,0,Business Entity Type 3,0.2979135090150507,0.5027790378786304,,0.1505,0.0838,0.9831,0.7688,0.0188,0.16,0.1379,0.3333,0.375,0.0872,0.121,0.1412,0.0077,0.0061,0.1534,0.087,0.9831,0.7779,0.019,0.1611,0.1379,0.3333,0.375,0.0892,0.1322,0.1471,0.0078,0.0065,0.152,0.0838,0.9831,0.7719,0.0189,0.16,0.1379,0.3333,0.375,0.0887,0.1231,0.1437,0.0078,0.0063,reg oper account,block of flats,0.1227,Panel,No,0.0,0.0,0.0,0.0,-599.0,0,0,0,0,0,0,0,0,0,0,0,0,0,0,0,0,0,0,0,0,,,,,,,,,,,,,,,,,,,,,,,,,,,,,,,,,,,,,,,,,,,,,,,,,,,,,,,,,,,,,,,,,,,21855.78,43711.56,22430.43,21281.13,2.0,107977.5,215955.0,121455.0,94500.0,2.0,112527.0,225054.0,115083.0,109971.0,2.0,12145.5,12145.5,12145.5,12145.5,1.0,107977.5,215955.0,121455.0,94500.0,2.0,15.0,30.0,19.0,11.0,2.0,1.0,2.0,1.0,1.0,2.0,0.1039669070716359,0.1039669070716359,0.1039669070716359,0.1039669070716359,1.0,,0.0,,,0.0,,0.0,,,0.0,-443.5,-887.0,-288.0,-599.0,2.0,62.5,125.0,126.0,-1.0,2.0,6.0,12.0,6.0,6.0,2.0,365243.0,730486.0,365243.0,365243.0,2.0,-413.0,-826.0,-257.0,-569.0,2.0,-263.0,-526.0,-107.0,-419.0,2.0,-308.0,-616.0,-167.0,-449.0,2.0,-303.0,-606.0,-163.0,-443.0,2.0,0.5,1.0,1.0,0.0,2.0,2.1,21.0,4.0,1.0,10.0,2.6,26.0,5.0,1.0,10.0,-396.2,-3962.0,-167.0,-569.0,10.0,-415.2,-4152.0,-189.0,-584.0,10.0,25285.5765,252855.765,61969.77,13888.98,10.0,31135.576500000003,311355.765,61969.77,13888.98,10.0,0,0.2155
100035,0,Cash loans,F,N,Y,0,292500.0,665892.0,24592.5,477000.0,Unaccompanied,Commercial associate,Secondary / secondary special,Civil marriage,House / apartment,0.025164,-15280,-2668.0,-5266.0,-3787,,1,1,0,1,0,1,,2.0,2,2,WEDNESDAY,13,0,0,0,0,0,0,Business Entity Type 3,,0.479987342189869,0.4101025731788671,0.0124,,0.9697,,,0.0,0.069,0.0417,,,,0.0149,,0.0,0.0126,,0.9697,,,0.0,0.069,0.0417,,,,0.0155,,0.0,0.0125,,0.9697,,,0.0,0.069,0.0417,,,,0.0152,,0.0,,block of flats,0.0117,Others,No,0.0,0.0,0.0,0.0,-1634.0,0,1,0,0,0,0,0,0,0,0,0,0,0,0,0,0,0,0,0,0,0.0,0.0,0.0,1.0,0.0,5.0,-1399.3333333333333,-12594.0,-184.0,-2723.0,9.0,0.0,0.0,0.0,0.0,9.0,487.0,4383.0,9980.0,-2539.0,9.0,-2023.75,-8095.0,-1346.0,-2531.0,4.0,13760.06625,55040.265,22518.0,2808.0,4.0,0.0,0.0,0.0,0.0,9.0,393898.38,3545085.42,1471500.0,17284.5,9.0,410874.3,2054371.5,1309194.0,0.0,5.0,0.0,0.0,0.0,0.0,4.0,0.0,0.0,0.0,0.0,9.0,-915.3333333333334,-8238.0,-8.0,-2508.0,9.0,,0.0,,,0.0,18985.752,189857.52,37279.665,5413.365,10.0,155864.6590909091,3429022.5,1260000.0,0.0,22.0,161788.29545454544,3559342.5,1260000.0,0.0,22.0,4684.5,14053.5,9360.0,0.0,3.0,342902.25,3429022.5,1260000.0,25087.5,10.0,12.227272727272728,269.0,15.0,8.0,22.0,1.0,22.0,1.0,1.0,22.0,0.0628375515238063,0.1885126545714192,0.1013853818441465,0.0,3.0,,0.0,,,0.0,,0.0,,,0.0,-558.1818181818181,-12280.0,-119.0,-2073.0,22.0,112.22727272727272,2469.0,2390.0,-1.0,22.0,22.6,226.0,60.0,6.0,10.0,365243.0,2921944.0,365243.0,365243.0,8.0,-1268.75,-10150.0,-693.0,-2042.0,8.0,-856.25,-6850.0,-3.0,-1892.0,8.0,-1055.0,-8440.0,-627.0,-1892.0,8.0,-1046.625,-8373.0,-618.0,-1879.0,8.0,0.625,5.0,1.0,0.0,8.0,1.056338028169014,75.0,2.0,1.0,71.0,6.690140845070423,475.0,18.0,1.0,71.0,-1211.3661971830986,-86007.0,-627.0,-2042.0,71.0,-1216.4084507042253,-86365.0,-651.0,-2048.0,71.0,29646.54063380282,2104904.385,536809.95,5378.22,71.0,27885.197535211268,1979849.025,536809.95,2.475,71.0,1,0.5969
100036,0,Cash loans,F,N,Y,0,112500.0,512064.0,25033.5,360000.0,Family,Working,Secondary / secondary special,Civil marriage,House / apartment,0.008575,-11144,-1104.0,-7846.0,-2904,,1,1,0,1,0,0,Private service staff,2.0,2,2,TUESDAY,12,0,0,0,0,0,0,Services,0.2744223724911185,0.6273004007953609,,0.3670000000000001,0.3751,0.9901,,,0.28,0.4828,0.375,,0.1569,,0.2574,,,0.3739,0.3893,0.9901,,,0.282,0.4828,0.375,,0.1604,,0.2682,,,0.3706,0.3751,0.9901,,,0.28,0.4828,0.375,,0.1596,,0.262,,,,block of flats,0.3388,Block,No,2.0,0.0,2.0,0.0,-397.0,0,1,0,0,0,0,0,0,0,0,0,0,0,0,0,0,0,0,0,0,0.0,0.0,0.0,0.0,2.0,5.0,-889.0,-889.0,-889.0,-889.0,1.0,0.0,0.0,0.0,0.0,1.0,-462.0,-462.0,-462.0,-462.0,1.0,,0.0,,,0.0,,0.0,,,0.0,0.0,0.0,0.0,0.0,1.0,94959.0,94959.0,94959.0,94959.0,1.0,8339.355,8339.355,8339.355,8339.355,1.0,,0.0,,,0.0,0.0,0.0,0.0,0.0,1.0,-519.0,-519.0,-519.0,-519.0,1.0,,0.0,,,0.0,8613.954,43069.77,13290.3,2250.0,5.0,89138.25,713106.0,213804.0,0.0,8.0,92851.3125,742810.5,221247.0,0.0,8.0,0.0,0.0,0.0,0.0,4.0,142621.2,713106.0,213804.0,45000.0,5.0,13.625,109.0,18.0,9.0,8.0,1.0,8.0,1.0,1.0,8.0,0.0,0.0,0.0,0.0,4.0,,0.0,,,0.0,,0.0,,,0.0,-222.125,-1777.0,-39.0,-397.0,8.0,3249.625,25997.0,10000.0,-1.0,8.0,15.6,78.0,24.0,0.0,5.0,365243.0,730486.0,365243.0,365243.0,2.0,182439.0,364878.0,365243.0,-365.0,2.0,182604.0,365208.0,365243.0,-35.0,2.0,182604.0,365208.0,365243.0,-35.0,2.0,182606.5,365213.0,365243.0,-30.0,2.0,0.0,0.0,0.0,0.0,2.0,1.0,12.0,1.0,1.0,12.0,6.5,78.0,12.0,1.0,12.0,-200.0,-2400.0,-35.0,-365.0,12.0,-218.5,-2622.0,-39.0,-381.0,12.0,6551.13375,78613.605,6551.415,6548.04,12.0,6551.13375,78613.605,6551.415,6548.04,12.0,0,0.3993
100037,0,Cash loans,F,N,N,0,90000.0,199008.0,20893.5,180000.0,Unaccompanied,Working,Secondary / secondary special,Civil marriage,House / apartment,0.010032,-12974,-4404.0,-7123.0,-4464,,1,1,1,1,0,0,Laborers,2.0,2,2,SATURDAY,11,0,0,0,0,0,0,Business Entity Type 2,,0.5594667916353414,0.7981372313187245,0.0928,,0.9801,,,0.0,0.2069,0.1667,,,,0.0602,,0.0436,0.0945,,0.9801,,,0.0,0.2069,0.1667,,,,0.0627,,0.0461,0.0937,,0.9801,,,0.0,0.2069,0.1667,,,,0.0613,,0.0445,,block of flats,0.0684,Panel,No,0.0,0.0,0.0,0.0,-2766.0,0,1,0,0,0,0,0,0,0,0,0,0,0,0,0,0,0,0,0,0,0.0,0.0,0.0,0.0,0.0,2.0,-1812.875,-14503.0,-1247.0,-2761.0,8.0,0.0,0.0,0.0,0.0,8.0,-1696.428571428571,-11875.0,-1063.0,-2608.0,7.0,-1728.571428571429,-12100.0,-1094.0,-2636.0,7.0,0.0,0.0,0.0,0.0,2.0,0.0,0.0,0.0,0.0,8.0,74016.5625,592132.5,108000.0,54900.0,8.0,0.0,0.0,0.0,0.0,8.0,0.0,0.0,0.0,0.0,6.0,0.0,0.0,0.0,0.0,8.0,-1544.625,-12357.0,-929.0,-2636.0,8.0,0.0,0.0,0.0,0.0,7.0,17011.764,85058.81999999999,25595.82,5305.995,5.0,130142.7,650713.5,157500.0,38385.0,5.0,140661.0,703305.0,188640.0,45720.0,5.0,2689.875,10759.5,8824.5,0.0,4.0,130142.7,650713.5,157500.0,38385.0,5.0,7.4,37.0,11.0,5.0,5.0,1.0,5.0,1.0,1.0,5.0,0.0267398105587595,0.106959242235038,0.0627374206194487,0.0,4.0,,0.0,,,0.0,,0.0,,,0.0,-1186.2,-5931.0,-539.0,-2612.0,5.0,1229.2,6146.0,2000.0,39.0,5.0,10.8,54.0,12.0,6.0,5.0,365243.0,1095729.0,365243.0,365243.0,3.0,-1587.0,-4761.0,-509.0,-2581.0,3.0,-1317.0,-3951.0,-179.0,-2431.0,3.0,-1397.0,-4191.0,-209.0,-2431.0,3.0,-1390.6666666666667,-4172.0,-203.0,-2422.0,3.0,0.3333333333333333,1.0,1.0,0.0,3.0,1.0909090909090908,24.0,2.0,1.0,22.0,4.636363636363637,102.0,11.0,1.0,22.0,-1229.090909090909,-27040.0,-209.0,-2581.0,22.0,-1247.409090909091,-27443.0,-235.0,-2593.0,22.0,19217.56909090909,422786.52,35172.135,5305.995,22.0,19217.56909090909,422786.52,35172.135,5305.995,22.0,0,0.1103
100039,0,Cash loans,M,Y,N,1,360000.0,733315.5,39069.0,679500.0,Unaccompanied,Commercial associate,Secondary / secondary special,Married,House / apartment,0.015221,-11694,-2060.0,-3557.0,-3557,3.0,1,1,0,1,0,0,Drivers,3.0,2,2,THURSDAY,10,0,0,0,1,1,0,Self-employed,,0.3217448956617718,0.4118485559242397,,,,,,,,,,,,,,,,,,,,,,,,,,,,,,,,,,,,,,,,,,,,,,,,2.0,0.0,2.0,0.0,-697.0,0,0,0,0,0,0,1,0,0,0,0,0,0,0,0,0,0,0,0,0,0.0,0.0,0.0,0.0,1.0,1.0,-641.4444444444445,-5773.0,-90.0,-1485.0,9.0,0.0,0.0,0.0,0.0,9.0,126.625,1013.0,1379.0,-1406.0,8.0,-636.4,-3182.0,-123.0,-1406.0,5.0,,0.0,,,0.0,0.0,0.0,0.0,0.0,9.0,498788.0,4489092.0,2341746.0,0.0,9.0,348392.5714285714,2438748.0,1830429.0,0.0,7.0,0.0,0.0,0.0,0.0,2.0,0.0,0.0,0.0,0.0,9.0,-372.1111111111111,-3349.0,-20.0,-1406.0,9.0,,0.0,,,0.0,20679.495,62038.485,52513.515,4450.68,3.0,348917.52375,1395670.095,1350000.0,0.0,4.0,383785.875,1535143.5,1487214.0,0.0,4.0,2.0475,4.095,4.095,0.0,2.0,465223.365,1395670.095,1350000.0,20961.0,3.0,14.0,56.0,16.0,11.0,4.0,1.0,4.0,1.0,1.0,4.0,8.598717724835e-05,0.0001719743544967,0.0001719743544967,0.0,2.0,,0.0,,,0.0,,0.0,,,0.0,-1245.25,-4981.0,-91.0,-2398.0,4.0,1900.25,7601.0,4300.0,-1.0,4.0,18.0,54.0,42.0,6.0,3.0,365243.0,1095729.0,365243.0,365243.0,3.0,-1599.3333333333333,-4798.0,-665.0,-2367.0,3.0,-1089.3333333333333,-3268.0,565.0,-2217.0,3.0,-1449.3333333333333,-4348.0,-455.0,-2277.0,3.0,-1442.3333333333333,-4327.0,-446.0,-2273.0,3.0,0.6666666666666666,2.0,1.0,0.0,3.0,3.142857142857143,66.0,8.0,1.0,21.0,3.523809523809524,74.0,8.0,1.0,21.0,-1228.047619047619,-25789.0,-455.0,-2367.0,21.0,-1246.190476190476,-26170.0,-468.0,-2375.0,21.0,81681.64285714286,1715314.5,920794.5,4450.68,21.0,109785.7992857143,2305501.785,920794.5,4450.68,21.0,0,0.4063
100040,0,Cash loans,F,N,Y,0,135000.0,1125000.0,32895.0,1125000.0,Unaccompanied,State servant,Higher education,Married,House / apartment,0.0196889999999999,-15997,-4585.0,-5735.0,-4067,,1,1,0,1,0,0,Core staff,2.0,2,2,FRIDAY,14,0,0,0,0,0,0,Security Ministries,,0.1724975081477771,,0.0825,0.0804,0.9762,0.6736,0.0056,0.0,0.1379,0.1667,0.2083,0.038,0.0672,0.0637,0.0,0.0,0.084,0.0835,0.9762,0.6864,0.0057,0.0,0.1379,0.1667,0.2083,0.0389,0.0735,0.0664,0.0,0.0,0.0833,0.0804,0.9762,0.6779999999999999,0.0057,0.0,0.1379,0.1667,0.2083,0.0387,0.0684,0.0648,0.0,0.0,reg oper account,block of flats,0.0532,"Stone, brick",No,0.0,0.0,0.0,0.0,-3019.0,0,1,0,0,0,0,0,0,0,0,0,0,0,0,0,0,0,0,0,0,,,,,,,,,,,,,,,,,,,,,,,,,,,,,,,,,,,,,,,,,,,,,,,,,,,,,,,,,,,,,,,,,,,18984.24,18984.24,18984.24,18984.24,1.0,367200.0,367200.0,367200.0,367200.0,1.0,367200.0,367200.0,367200.0,367200.0,1.0,0.0,0.0,0.0,0.0,1.0,367200.0,367200.0,367200.0,367200.0,1.0,14.0,14.0,14.0,14.0,1.0,1.0,1.0,1.0,1.0,1.0,0.0,0.0,0.0,0.0,1.0,,0.0,,,0.0,,0.0,,,0.0,-1038.0,-1038.0,-1038.0,-1038.0,1.0,10.0,10.0,10.0,10.0,1.0,24.0,24.0,24.0,24.0,1.0,365243.0,365243.0,365243.0,365243.0,1.0,-1007.0,-1007.0,-1007.0,-1007.0,1.0,-317.0,-317.0,-317.0,-317.0,1.0,-407.0,-407.0,-407.0,-407.0,1.0,-397.0,-397.0,-397.0,-397.0,1.0,0.0,0.0,0.0,0.0,1.0,1.0571428571428572,37.0,2.0,1.0,35.0,8.942857142857143,313.0,21.0,1.0,35.0,-1156.6285714285714,-40482.0,-407.0,-2900.0,35.0,-1163.9714285714283,-40739.0,-417.0,-2907.0,35.0,18174.92785714286,636122.4750000001,73324.26,4831.92,35.0,14240.025,498400.875,73324.26,2.52,35.0,0,0.4934
100041,0,Cash loans,F,N,N,0,112500.0,450000.0,44509.5,450000.0,Unaccompanied,Working,Higher education,Married,House / apartment,0.008575,-12158,-1275.0,-6265.0,-2009,,1,1,1,1,1,0,Sales staff,2.0,2,2,MONDAY,19,0,0,0,0,0,0,Self-employed,,0.6631580756296298,0.6785676886853644,0.0948,0.0792,0.9861,0.8096,,0.0,0.1724,0.1667,,0.0888,,0.0582,,,0.0966,0.0822,0.9861,0.8171,,0.0,0.1724,0.1667,,0.0908,,0.0606,,,0.0958,0.0792,0.9861,0.8121,,0.0,0.1724,0.1667,,0.0903,,0.0592,,,reg oper account,block of flats,0.0749,"Stone, brick",No,0.0,0.0,0.0,0.0,-1285.0,0,1,0,0,0,0,0,0,0,0,0,0,0,0,0,0,0,0,0,0,0.0,0.0,0.0,0.0,0.0,0.0,-1292.5384615384614,-16803.0,-66.0,-2890.0,13.0,0.0,0.0,0.0,0.0,13.0,-969.1538461538462,-12599.0,117.0,-2678.0,13.0,-1066.0,-12792.0,-36.0,-2701.0,12.0,769.365,7693.65,5830.965,0.0,10.0,0.0,0.0,0.0,0.0,13.0,63254.24307692308,822305.16,180000.0,14580.0,13.0,0.0,0.0,0.0,0.0,13.0,0.0,0.0,0.0,0.0,12.0,0.0,0.0,0.0,0.0,13.0,-992.8461538461538,-12907.0,-34.0,-2678.0,13.0,,0.0,,,0.0,5283.0,10566.0,7297.515,3268.485,2.0,37001.25,74002.5,58486.5,15516.0,2.0,40281.75,80563.5,64278.0,16285.5,2.0,0.0,0.0,0.0,0.0,2.0,37001.25,74002.5,58486.5,15516.0,2.0,13.0,26.0,14.0,12.0,2.0,1.0,2.0,1.0,1.0,2.0,0.0,0.0,0.0,0.0,2.0,,0.0,,,0.0,,0.0,,,0.0,-2104.5,-4209.0,-1508.0,-2701.0,2.0,2078.0,4156.0,4000.0,156.0,2.0,9.0,18.0,12.0,6.0,2.0,365243.0,730486.0,365243.0,365243.0,2.0,-2073.5,-4147.0,-1477.0,-2670.0,2.0,-1833.5,-3667.0,-1147.0,-2520.0,2.0,-1833.5,-3667.0,-1147.0,-2520.0,2.0,-1802.0,-3604.0,-1095.0,-2509.0,2.0,0.5,1.0,1.0,0.0,2.0,1.0,20.0,1.0,1.0,20.0,5.9,118.0,12.0,1.0,20.0,-1687.9,-33758.0,-1147.0,-2670.0,20.0,-1722.7,-34454.0,-1101.0,-2661.0,20.0,6089.499,121789.98,7306.65,3264.075,20.0,5359.29075,107185.815,7297.515,130.365,20.0,0,0.2873
100043,0,Cash loans,F,N,Y,2,198000.0,641173.5,23157.0,553500.0,Unaccompanied,Commercial associate,Secondary / secondary special,Married,House / apartment,0.01885,-17199,-768.0,-63.0,-735,,1,1,1,1,1,0,Private service staff,4.0,2,2,THURSDAY,13,0,0,0,0,0,0,Other,0.8427634659543568,0.6816988025574287,0.7544061731797895,,,,,,,,,,,,,,,,,,,,,,,,,,,,,,,,,,,,,,,,,,,,,,,,0.0,0.0,0.0,0.0,-2411.0,0,1,0,0,0,0,0,0,0,0,0,0,0,0,0,0,0,0,0,0,0.0,0.0,0.0,0.0,1.0,1.0,-1904.0,-3808.0,-1169.0,-2639.0,2.0,0.0,0.0,0.0,0.0,2.0,-1433.5,-2867.0,-414.0,-2453.0,2.0,-1323.0,-2646.0,-130.0,-2516.0,2.0,0.0,0.0,0.0,0.0,1.0,0.0,0.0,0.0,0.0,2.0,166860.0,333720.0,306000.0,27720.0,2.0,0.0,0.0,0.0,0.0,2.0,0.0,0.0,0.0,0.0,2.0,0.0,0.0,0.0,0.0,2.0,-1320.0,-2640.0,-127.0,-2513.0,2.0,16290.0,32580.0,16290.0,16290.0,2.0,41918.495,377266.455,83916.0,5287.815,9.0,936475.0,8428275.0,1575000.0,0.0,9.0,965679.5,8691115.5,1575000.0,33340.5,9.0,105750.0,634500.0,315000.0,0.0,6.0,1053534.375,8428275.0,1575000.0,35775.0,8.0,13.22222222222222,119.0,15.0,11.0,9.0,1.0,9.0,1.0,1.0,9.0,0.0888634881508131,0.5331809289048791,0.2018330076150684,0.0,6.0,,0.0,,,0.0,,0.0,,,0.0,-534.1111111111111,-4807.0,-23.0,-2411.0,9.0,81.33333333333333,732.0,100.0,44.0,9.0,31.55555555555556,284.0,60.0,0.0,9.0,273684.5,1094738.0,365243.0,-991.0,4.0,-1130.0,-4520.0,-3.0,-2380.0,4.0,91265.25,365061.0,365243.0,-2170.0,4.0,90566.0,362264.0,365243.0,-2170.0,4.0,181972.0,727888.0,365243.0,-2167.0,4.0,0.5,2.0,1.0,0.0,4.0,0.4675324675324675,36.0,2.0,0.0,77.0,16.142857142857142,1243.0,39.0,1.0,77.0,-873.1948051948052,-67236.0,-3.0,-2380.0,77.0,-894.1428571428571,-68849.0,-13.0,-2389.0,77.0,16935.94168831169,1304067.51,316290.69,124.38,77.0,16248.416493506496,1251128.07,316290.69,1.125,77.0,0,0.198
100044,0,Cash loans,M,N,Y,0,121500.0,454500.0,15151.5,454500.0,Unaccompanied,Working,Secondary / secondary special,Married,House / apartment,0.030755,-21077,-1288.0,-5474.0,-4270,,1,1,0,1,1,0,Drivers,2.0,2,2,FRIDAY,10,0,0,0,0,1,1,Transport: type 4,0.8045861213121414,0.7197985370372056,0.722392890081304,,,,,,,,,,,,,,,,,,,,,,,,,,,,,,,,,,,,,,,,,,,,,,,,0.0,0.0,0.0,0.0,-1541.0,0,1,0,0,0,0,0,0,0,0,0,0,0,0,0,0,0,0,0,0,0.0,0.0,0.0,1.0,0.0,0.0,-1552.090909090909,-17073.0,-83.0,-2729.0,11.0,0.0,0.0,0.0,0.0,11.0,-407.8181818181818,-4486.0,1178.0,-2433.0,11.0,-1604.4,-8022.0,-970.0,-2493.0,5.0,6677.633571428572,46743.435,18406.935,0.0,7.0,0.0,0.0,0.0,0.0,11.0,211790.40545454543,2329694.46,900000.0,15570.0,11.0,127529.4,1147764.6,648292.5,-130.005,9.0,74023.21,666208.89,418630.005,0.0,9.0,0.0,0.0,0.0,0.0,11.0,-876.1818181818181,-9638.0,-11.0,-2493.0,11.0,,0.0,,,0.0,18290.50875,73162.035,29545.2,8565.705,4.0,288337.5,1153350.0,652500.0,50850.0,4.0,299743.875,1198975.5,652500.0,48181.5,4.0,1695.0,5085.0,5085.0,0.0,3.0,288337.5,1153350.0,652500.0,50850.0,4.0,14.25,57.0,17.0,12.0,4.0,1.0,4.0,1.0,1.0,4.0,0.0346560988784524,0.1039682966353574,0.1039682966353574,0.0,3.0,,0.0,,,0.0,,0.0,,,0.0,-1716.25,-6865.0,-384.0,-2600.0,4.0,5.0,20.0,20.0,0.0,4.0,24.0,96.0,48.0,6.0,4.0,365243.0,1460972.0,365243.0,365243.0,4.0,-1684.75,-6739.0,-348.0,-2570.0,4.0,-994.75,-3979.0,-82.0,-2060.0,4.0,-1204.75,-4819.0,-198.0,-2060.0,4.0,-1195.0,-4780.0,-194.0,-2035.0,4.0,0.5,2.0,1.0,0.0,4.0,1.0140845070422535,72.0,2.0,1.0,71.0,10.704225352112676,760.0,24.0,1.0,71.0,-1699.1830985915492,-120642.0,-198.0,-2570.0,71.0,-1716.338028169014,-121860.0,-210.0,-2580.0,71.0,27802.980633802817,1974011.625,535731.885,8565.525,71.0,26988.788661971837,1916203.995,535731.885,10.62,71.0,0,0.2316
100045,0,Cash loans,F,N,Y,0,99000.0,247275.0,17338.5,225000.0,Unaccompanied,Pensioner,Secondary / secondary special,Married,House / apartment,0.006207,-23920,,-9817.0,-4969,,1,0,0,1,1,0,,2.0,2,2,FRIDAY,11,0,0,0,0,0,0,XNA,,0.6507647995068742,0.7517237147741489,,,0.9851,,,0.04,0.0345,0.3333,,0.0566,,0.0922,,,,,0.9851,,,0.0403,0.0345,0.3333,,0.0579,,0.096,,,,,0.9851,,,0.04,0.0345,0.3333,,0.0576,,0.0938,,,,block of flats,0.0786,"Stone, brick",No,0.0,0.0,0.0,0.0,0.0,0,1,0,0,0,0,0,0,0,0,0,0,0,0,0,0,0,0,0,0,0.0,0.0,0.0,0.0,0.0,2.0,-554.0,-1662.0,-337.0,-733.0,3.0,0.0,0.0,0.0,0.0,3.0,-204.66666666666663,-614.0,-3.0,-337.0,3.0,-441.0,-882.0,-274.0,-608.0,2.0,0.0,0.0,0.0,0.0,2.0,0.0,0.0,0.0,0.0,3.0,146018.13,438054.39,281205.0,60016.5,3.0,29783.820000000003,89351.46,89351.46,0.0,3.0,0.0,0.0,0.0,0.0,2.0,0.0,0.0,0.0,0.0,3.0,-359.6666666666667,-1079.0,-217.0,-608.0,3.0,,0.0,,,0.0,18560.14875,74240.595,50575.23,6319.35,4.0,339485.625,1357942.5,1170000.0,34501.5,4.0,368978.625,1475914.5,1271929.5,31486.5,4.0,1500.0,4500.0,4500.0,0.0,3.0,339485.625,1357942.5,1170000.0,34501.5,4.0,14.0,56.0,15.0,13.0,4.0,1.0,4.0,1.0,1.0,4.0,0.0453958113080283,0.1361874339240852,0.1361874339240852,0.0,3.0,,0.0,,,0.0,,0.0,,,0.0,-1789.0,-7156.0,-1017.0,-2779.0,4.0,790.5,3162.0,3063.0,-1.0,4.0,18.0,72.0,36.0,6.0,4.0,365243.0,1460972.0,365243.0,365243.0,4.0,-1758.25,-7033.0,-987.0,-2748.0,4.0,-1248.25,-4993.0,63.0,-2598.0,4.0,-1330.75,-5323.0,-267.0,-2598.0,4.0,-1324.5,-5298.0,-264.0,-2588.0,4.0,0.5,2.0,1.0,0.0,4.0,1.390625,89.0,3.0,1.0,64.0,9.609375,615.0,25.0,1.0,64.0,-1232.203125,-78861.0,-267.0,-2748.0,64.0,-1237.3125,-79188.0,-291.0,-2748.0,64.0,32438.57484375,2076068.79,540713.61,6310.53,64.0,32016.155625,2049033.96,540713.61,804.015,64.0,0,0.1323
100046,0,Revolving loans,M,Y,Y,0,180000.0,540000.0,27000.0,540000.0,Unaccompanied,Working,Higher education,Married,House / apartment,0.025164,-16126,-1761.0,-8236.0,-4292,3.0,1,1,0,1,0,0,Managers,2.0,2,2,TUESDAY,8,0,0,0,0,0,0,Business Entity Type 3,,0.7380532835697358,0.6058362647264226,0.0814,0.0994,0.9831,0.7688,0.0142,0.0,0.2069,0.1667,0.2083,0.1404,0.0656,0.0771,0.0039,0.0227,0.083,0.1032,0.9831,0.7779,0.0143,0.0,0.2069,0.1667,0.2083,0.1436,0.0716,0.0804,0.0039,0.0241,0.0822,0.0994,0.9831,0.7719,0.0143,0.0,0.2069,0.1667,0.2083,0.1429,0.0667,0.0785,0.0039,0.0232,org spec account,block of flats,0.0734,"Stone, brick",No,1.0,0.0,1.0,0.0,-540.0,0,0,0,0,0,0,0,0,0,0,0,0,0,0,0,0,0,0,0,0,0.0,0.0,0.0,1.0,0.0,1.0,-1493.25,-5973.0,-427.0,-2653.0,4.0,0.0,0.0,0.0,0.0,4.0,-247.75,-991.0,915.0,-826.0,4.0,-931.0,-2793.0,-369.0,-1341.0,3.0,,0.0,,,0.0,0.0,0.0,0.0,0.0,4.0,3159315.0,12637260.0,7957530.0,382500.0,4.0,0.0,0.0,0.0,0.0,4.0,0.0,0.0,0.0,0.0,4.0,0.0,0.0,0.0,0.0,4.0,-647.75,-2591.0,-9.0,-1331.0,4.0,,0.0,,,0.0,28721.925,57443.85,29053.215,28390.635,2.0,393750.0,787500.0,450000.0,337500.0,2.0,481817.25,963634.5,555723.0,407911.5,2.0,,0.0,,,0.0,393750.0,787500.0,450000.0,337500.0,2.0,14.0,28.0,15.0,13.0,2.0,1.0,2.0,1.0,1.0,2.0,,0.0,,,0.0,,0.0,,,0.0,,0.0,,,0.0,-494.0,-988.0,-449.0,-539.0,2.0,-1.0,-2.0,-1.0,-1.0,2.0,21.0,42.0,24.0,18.0,2.0,365243.0,365243.0,365243.0,365243.0,1.0,-509.0,-509.0,-509.0,-509.0,1.0,1.0,1.0,1.0,1.0,1.0,365243.0,365243.0,365243.0,365243.0,1.0,365243.0,365243.0,365243.0,365243.0,1.0,1.0,1.0,1.0,1.0,1.0,1.0,17.0,1.0,1.0,17.0,9.0,153.0,17.0,1.0,17.0,-269.0,-4573.0,-29.0,-509.0,17.0,-269.52941176470586,-4582.0,-29.0,-509.0,17.0,28390.635,482640.795,28390.635,28390.635,17.0,28390.635,482640.795,28390.635,28390.635,17.0,0,0.0499
100047,1,Cash loans,M,N,Y,0,202500.0,1193580.0,35028.0,855000.0,Unaccompanied,Commercial associate,Secondary / secondary special,Married,House / apartment,0.025164,-17482,-1262.0,-1182.0,-1029,,1,1,0,1,0,0,Laborers,2.0,2,2,TUESDAY,9,0,0,0,0,0,0,Business Entity Type 3,,0.306840586048305,0.3201633668633456,0.1309,0.125,0.996,0.9456,0.0822,0.16,0.1379,0.25,0.2917,0.0142,0.1059,0.1267,0.0039,0.0078,0.1334,0.1297,0.996,0.9477,0.083,0.1611,0.1379,0.25,0.2917,0.0145,0.1157,0.132,0.0039,0.0082,0.1322,0.125,0.996,0.9463,0.0827,0.16,0.1379,0.25,0.2917,0.0144,0.1077,0.129,0.0039,0.0079,org spec account,block of flats,0.1463,"Stone, brick",No,0.0,0.0,0.0,0.0,-1075.0,0,1,0,0,0,0,0,0,0,0,0,0,0,0,0,0,0,0,0,0,0.0,0.0,0.0,2.0,0.0,4.0,-1104.8,-5524.0,-420.0,-2055.0,5.0,0.0,0.0,0.0,0.0,5.0,1301.0,6505.0,4284.0,-960.0,5.0,-698.5,-1397.0,-420.0,-977.0,2.0,6759.3375,13518.675,13518.675,0.0,2.0,0.0,0.0,0.0,0.0,5.0,1905526.8,9527634.0,4045500.0,630000.0,5.0,805114.125,3220456.5,2528203.5,0.0,4.0,0.0,0.0,0.0,0.0,4.0,0.0,0.0,0.0,0.0,5.0,-444.6,-2223.0,-20.0,-1140.0,5.0,,0.0,,,0.0,16749.915,100499.49,31674.87,4586.895,6.0,242617.5,1455705.0,675000.0,0.0,6.0,338818.5,2032911.0,744498.0,34384.5,6.0,3820.5,3820.5,3820.5,3820.5,1.0,291141.0,1455705.0,675000.0,38205.0,5.0,12.833333333333334,77.0,15.0,11.0,6.0,1.0,6.0,1.0,1.0,6.0,0.1089090909090909,0.1089090909090909,0.1089090909090909,0.1089090909090909,1.0,,0.0,,,0.0,,0.0,,,0.0,-1432.0,-8592.0,-1072.0,-2634.0,6.0,3.6666666666666665,22.0,27.0,-1.0,6.0,23.666666666666668,142.0,36.0,0.0,6.0,365243.0,1095729.0,365243.0,365243.0,3.0,120401.66666666669,361205.0,365243.0,-2601.0,3.0,120721.66666666669,362165.0,365243.0,-2331.0,3.0,120581.66666666669,361745.0,365243.0,-2331.0,3.0,120584.66666666669,361754.0,365243.0,-2326.0,3.0,0.3333333333333333,1.0,1.0,0.0,3.0,1.05,21.0,2.0,1.0,20.0,5.5,110.0,10.0,1.0,20.0,-1884.0,-37680.0,-1167.0,-2601.0,20.0,-1888.1,-37762.0,-1172.0,-2612.0,20.0,13427.379,268547.58,122628.285,4577.94,20.0,13427.379,268547.58,122628.285,4577.94,20.0,1,0.6709
100048,0,Cash loans,F,N,Y,0,202500.0,604152.0,29196.0,540000.0,Unaccompanied,Working,Secondary / secondary special,Married,House / apartment,0.009175,-16971,-475.0,-3148.0,-513,,1,1,0,1,1,0,Laborers,2.0,2,2,MONDAY,12,0,1,1,0,1,1,Industry: type 1,,0.0373152355612163,,,,,,,,,,,,,,,,,,,,,,,,,,,,,,,,,,,,,,,,,,,,,,,,,4.0,0.0,4.0,0.0,-458.0,0,1,0,0,0,0,0,0,0,0,0,0,0,0,0,0,0,0,0,0,0.0,0.0,0.0,0.0,0.0,5.0,-75.0,-75.0,-75.0,-75.0,1.0,0.0,0.0,0.0,0.0,1.0,-66.0,-66.0,-66.0,-66.0,1.0,-66.0,-66.0,-66.0,-66.0,1.0,0.0,0.0,0.0,0.0,1.0,0.0,0.0,0.0,0.0,1.0,22905.0,22905.0,22905.0,22905.0,1.0,0.0,0.0,0.0,0.0,1.0,0.0,0.0,0.0,0.0,1.0,0.0,0.0,0.0,0.0,1.0,-61.0,-61.0,-61.0,-61.0,1.0,,0.0,,,0.0,38522.265,115566.795,57466.53,11250.0,3.0,394875.0,1579500.0,814500.0,0.0,4.0,432694.125,1730776.5,856431.0,0.0,4.0,,0.0,,,0.0,526500.0,1579500.0,814500.0,225000.0,3.0,10.75,43.0,12.0,9.0,4.0,1.0,4.0,1.0,1.0,4.0,,0.0,,,0.0,,0.0,,,0.0,,0.0,,,0.0,-544.5,-2178.0,-314.0,-949.0,4.0,-1.0,-4.0,-1.0,-1.0,4.0,12.0,36.0,18.0,0.0,3.0,243188.3333333333,729565.0,365243.0,-921.0,3.0,-530.0,-1590.0,-284.0,-878.0,3.0,121850.33333333331,365551.0,365243.0,82.0,3.0,243392.66666666663,730178.0,365243.0,-308.0,3.0,243394.66666666663,730184.0,365243.0,-302.0,3.0,0.6666666666666666,2.0,1.0,0.0,3.0,0.2388059701492537,16.0,2.0,0.0,67.0,21.62686567164179,1449.0,53.0,1.0,67.0,-445.64179104477614,-29858.0,-10.0,-893.0,67.0,-449.8507462686568,-30140.0,-10.0,-893.0,67.0,28339.36186567164,1898737.245,548005.995,77.445,67.0,28339.36186567164,1898737.245,548005.995,77.445,67.0,1,0.7607
100049,1,Cash loans,F,N,N,0,135000.0,288873.0,16258.5,238500.0,Unaccompanied,Working,Secondary / secondary special,Civil marriage,House / apartment,0.007305,-13384,-3597.0,-45.0,-4409,,1,1,1,1,1,0,Sales staff,2.0,3,3,THURSDAY,11,0,0,0,0,0,0,Self-employed,0.4682080567974757,0.6742032101473874,0.3996756156233169,,,,,,,,,,,,,,,,,,,,,,,,,,,,,,,,,,,,,,,,,,,,,,,,1.0,0.0,1.0,0.0,-1480.0,0,1,0,0,0,0,0,0,0,0,0,0,0,0,0,0,0,0,0,0,0.0,0.0,0.0,0.0,0.0,2.0,-819.1428571428571,-5734.0,-27.0,-2179.0,7.0,0.0,0.0,0.0,0.0,7.0,-117.16666666666669,-703.0,967.0,-1469.0,6.0,-1011.5,-2023.0,-554.0,-1469.0,2.0,0.0,0.0,0.0,0.0,2.0,0.0,0.0,0.0,0.0,7.0,121678.26428571428,851747.85,414000.0,21375.0,7.0,92073.75,552442.5,383112.0,0.0,6.0,1763.8470000000002,8819.235,8819.235,0.0,5.0,0.0,0.0,0.0,0.0,7.0,-374.2857142857143,-2620.0,-8.0,-1469.0,7.0,,0.0,,,0.0,5747.859,28739.295,7801.155,4500.0,5.0,35602.2,178011.0,67500.0,0.0,5.0,55715.4,278577.0,90000.0,30339.0,5.0,4377.0,13131.0,9000.0,0.0,3.0,44502.75,178011.0,67500.0,33250.5,4.0,10.6,53.0,14.0,8.0,5.0,1.0,5.0,1.0,1.0,5.0,0.116390473002497,0.3491714190074911,0.2491628709885401,0.0,3.0,,0.0,,,0.0,,0.0,,,0.0,-1066.6,-5333.0,-416.0,-2426.0,5.0,94.6,473.0,400.0,4.0,5.0,8.0,40.0,12.0,0.0,5.0,292148.8,1460744.0,365243.0,-228.0,5.0,-995.8,-4979.0,-185.0,-2395.0,5.0,72305.8,361529.0,365243.0,-2065.0,5.0,72305.8,361529.0,365243.0,-2065.0,5.0,72309.2,361546.0,365243.0,-2062.0,5.0,0.6,3.0,1.0,0.0,5.0,0.7241379310344828,42.0,1.0,0.0,58.0,6.431034482758621,373.0,15.0,1.0,58.0,-858.3793103448276,-49786.0,-29.0,-2395.0,58.0,-864.448275862069,-50138.0,-29.0,-2400.0,58.0,5062.562068965517,293628.6,7801.155,12.105,58.0,4783.088793103449,277419.15,7801.155,12.105,58.0,1,0.5349
100050,0,Cash loans,F,N,Y,0,108000.0,746280.0,42970.5,675000.0,Unaccompanied,Pensioner,Higher education,Single / not married,House / apartment,0.010966,-23548,,-5745.0,-4576,,1,0,0,1,0,0,,1.0,2,2,WEDNESDAY,9,0,0,0,0,0,0,XNA,,0.7661378050275851,0.6848276586890367,0.2186,0.1232,0.9851,0.7959999999999999,0.0528,0.24,0.2069,0.3333,0.375,0.1154,0.1774,0.2113,0.0039,0.0051,0.2227,0.1279,0.9851,0.804,0.0533,0.2417,0.2069,0.3333,0.375,0.1181,0.1938,0.2202,0.0039,0.0054,0.2207,0.1232,0.9851,0.7987,0.0531,0.24,0.2069,0.3333,0.375,0.1175,0.1804,0.2151,0.0039,0.0052,reg oper spec account,block of flats,0.1903,Panel,No,0.0,0.0,0.0,0.0,-491.0,0,1,0,0,0,0,0,0,0,0,0,0,0,0,0,0,0,0,0,0,0.0,0.0,0.0,0.0,0.0,3.0,-2025.0,-6075.0,-694.0,-2702.0,3.0,0.0,0.0,0.0,0.0,3.0,-1470.3333333333333,-4411.0,189.0,-2305.0,3.0,-1612.0,-4836.0,-145.0,-2357.0,3.0,,0.0,,,0.0,0.0,0.0,0.0,0.0,3.0,247580.46,742741.38,450000.0,135459.0,3.0,0.0,0.0,0.0,0.0,3.0,0.0,0.0,0.0,0.0,2.0,0.0,0.0,0.0,0.0,3.0,-1107.3333333333333,-3322.0,-135.0,-2315.0,3.0,0.0,0.0,0.0,0.0,2.0,7959.8025,15919.605,9000.0,6919.605,2.0,111199.5,333598.5,180000.0,0.0,3.0,111199.5,333598.5,180000.0,0.0,3.0,0.0,0.0,0.0,0.0,1.0,166799.25,333598.5,180000.0,153598.5,2.0,9.333333333333334,28.0,10.0,9.0,3.0,1.0,3.0,1.0,1.0,3.0,0.0,0.0,0.0,0.0,1.0,,0.0,,,0.0,,0.0,,,0.0,-317.6666666666667,-953.0,-231.0,-491.0,3.0,29.33333333333333,88.0,90.0,-1.0,3.0,12.0,24.0,24.0,0.0,2.0,365243.0,730486.0,365243.0,365243.0,2.0,182392.0,364784.0,365243.0,-459.0,2.0,182737.0,365474.0,365243.0,231.0,2.0,182617.0,365234.0,365243.0,-9.0,2.0,-13.0,-26.0,-3.0,-23.0,2.0,0.0,0.0,0.0,0.0,2.0,1.0625,17.0,2.0,1.0,16.0,8.5,136.0,16.0,1.0,16.0,-234.0,-3744.0,-9.0,-459.0,16.0,-245.8125,-3933.0,-37.0,-471.0,16.0,10282.4465625,164519.145,60725.07,6919.605,16.0,10282.4465625,164519.145,60725.07,6919.605,16.0,0,0.0921
100051,0,Cash loans,M,N,Y,0,202500.0,661702.5,48280.5,598500.0,Unaccompanied,Working,Secondary / secondary special,Civil marriage,House / apartment,0.007114,-9827,-758.0,-4166.0,-2380,,1,1,1,1,0,0,,2.0,2,2,WEDNESDAY,12,0,0,0,0,1,1,Business Entity Type 3,,0.6315186311742824,,,,,,,,,,,,,,,,,,,,,,,,,,,,,,,,,,,,,,,,,,,,,,,,,1.0,0.0,1.0,0.0,-556.0,0,1,0,0,0,0,0,0,0,0,0,0,0,0,0,0,0,0,0,0,,,,,,,,,,,,,,,,,,,,,,,,,,,,,,,,,,,,,,,,,,,,,,,,,,,,,,,,,,,,,,,,,,,6887.16,6887.16,6887.16,6887.16,1.0,45540.0,136620.0,136620.0,0.0,3.0,50689.5,152068.5,152068.5,0.0,3.0,0.0,0.0,0.0,0.0,1.0,136620.0,136620.0,136620.0,136620.0,1.0,15.0,45.0,18.0,12.0,3.0,1.0,3.0,1.0,1.0,3.0,0.0,0.0,0.0,0.0,1.0,,0.0,,,0.0,,0.0,,,0.0,-313.6666666666667,-941.0,-36.0,-556.0,3.0,177.0,531.0,533.0,-1.0,3.0,24.0,24.0,24.0,24.0,1.0,365243.0,365243.0,365243.0,365243.0,1.0,-525.0,-525.0,-525.0,-525.0,1.0,165.0,165.0,165.0,165.0,1.0,365243.0,365243.0,365243.0,365243.0,1.0,365243.0,365243.0,365243.0,365243.0,1.0,0.0,0.0,0.0,0.0,1.0,1.0,18.0,1.0,1.0,18.0,9.5,171.0,18.0,1.0,18.0,-270.0,-4860.0,-15.0,-525.0,18.0,-276.55555555555554,-4978.0,-15.0,-537.0,18.0,6887.16,123968.88,6887.16,6887.16,18.0,6887.16,123968.88,6887.16,6887.16,18.0,1,0.5017
100052,0,Revolving loans,F,N,Y,1,90000.0,180000.0,9000.0,180000.0,Family,Working,Secondary / secondary special,Civil marriage,House / apartment,0.009334,-7974,-895.0,-6591.0,-642,,1,1,1,1,0,0,Sales staff,3.0,2,2,MONDAY,10,0,0,0,0,0,0,Self-employed,,0.535542260363498,,,,,,,,,,,,,,,,,,,,,,,,,,,,,,,,,,,,,,,,,,,,,,,,,1.0,1.0,1.0,1.0,-462.0,0,0,0,0,0,0,0,0,0,0,0,0,0,0,0,0,0,0,0,0,,,,,,,,,,,,,,,,,,,,,,,,,,,,,,,,,,,,,,,,,,,,,,,,,,,,,,,,,,,,,,,,,,,5334.75,10669.5,6304.905,4364.595,2.0,23667.75,47335.5,27175.5,20160.0,2.0,25944.75,51889.5,30663.0,21226.5,2.0,0.0,0.0,0.0,0.0,2.0,23667.75,47335.5,27175.5,20160.0,2.0,9.0,18.0,9.0,9.0,2.0,1.0,2.0,1.0,1.0,2.0,0.0,0.0,0.0,0.0,2.0,,0.0,,,0.0,,0.0,,,0.0,-380.0,-760.0,-298.0,-462.0,2.0,10.0,20.0,10.0,10.0,2.0,6.0,12.0,6.0,6.0,2.0,365243.0,730486.0,365243.0,365243.0,2.0,-348.5,-697.0,-266.0,-431.0,2.0,-198.5,-397.0,-116.0,-281.0,2.0,-243.5,-487.0,-176.0,-311.0,2.0,-235.5,-471.0,-169.0,-302.0,2.0,0.0,0.0,0.0,0.0,2.0,1.2222222222222223,11.0,2.0,1.0,9.0,2.7777777777777777,25.0,5.0,1.0,9.0,-304.3333333333333,-2739.0,-176.0,-431.0,9.0,-313.0,-2817.0,-192.0,-434.0,9.0,6960.844999999999,62647.605,17806.725,4364.595,9.0,6960.844999999999,62647.605,17806.725,4364.595,9.0,0,0.4598
100053,0,Cash loans,F,N,Y,0,202500.0,305221.5,17649.0,252000.0,Family,Pensioner,Secondary / secondary special,Single / not married,House / apartment,0.0196889999999999,-20373,,-7760.0,-1993,,1,0,0,1,0,0,,1.0,2,2,MONDAY,8,0,0,0,0,0,0,XNA,,0.2476647173356162,0.475849908720221,,,,,,,,,,,,,,,,,,,,,,,,,,,,,,,,,,,,,,,,,,,,,,,,0.0,0.0,0.0,0.0,-649.0,0,1,0,0,0,0,0,0,0,0,0,0,0,0,0,0,0,0,0,0,0.0,0.0,0.0,0.0,2.0,4.0,-2337.875,-18703.0,-1764.0,-2893.0,8.0,0.0,0.0,0.0,0.0,8.0,-1664.2857142857142,-11650.0,-648.0,-2534.0,7.0,-1591.571428571429,-11141.0,-630.0,-2551.0,7.0,,0.0,,,0.0,0.0,0.0,0.0,0.0,8.0,84438.5625,675508.5,225000.0,0.0,8.0,0.0,0.0,0.0,0.0,5.0,0.0,0.0,0.0,0.0,2.0,0.0,0.0,0.0,0.0,8.0,-1093.75,-8750.0,-630.0,-1945.0,8.0,,0.0,,,0.0,16535.685,49607.055,29250.0,9636.705,3.0,36000.0,180000.0,90000.0,0.0,5.0,160581.6,802908.0,585000.0,0.0,5.0,,0.0,,,0.0,90000.0,180000.0,90000.0,90000.0,2.0,9.0,45.0,10.0,7.0,5.0,1.0,5.0,1.0,1.0,5.0,,0.0,,,0.0,,0.0,,,0.0,,0.0,,,0.0,-284.4,-1422.0,-24.0,-649.0,5.0,-0.8,-4.0,0.0,-1.0,5.0,12.0,36.0,24.0,0.0,3.0,365243.0,730486.0,365243.0,365243.0,2.0,-469.5,-939.0,-320.0,-619.0,2.0,40.5,81.0,71.0,10.0,2.0,182447.0,364894.0,365243.0,-349.0,2.0,182459.0,364918.0,365243.0,-325.0,2.0,1.0,2.0,1.0,1.0,2.0,1.0476190476190477,22.0,2.0,1.0,21.0,5.761904761904762,121.0,11.0,1.0,21.0,-319.5238095238095,-6710.0,-20.0,-619.0,21.0,-326.6190476190476,-6859.0,-21.0,-626.0,21.0,14482.977857142858,304142.53500000003,99488.34,9636.705,21.0,14482.977857142858,304142.53500000003,99488.34,9636.705,21.0,0,0.4816
100054,0,Cash loans,F,N,Y,0,99000.0,260640.0,26838.0,225000.0,Unaccompanied,Working,Secondary / secondary special,Married,House / apartment,0.022625,-20121,-5332.0,-9197.0,-3283,,1,1,1,1,1,0,Medicine staff,2.0,2,2,WEDNESDAY,16,0,0,0,0,1,1,Business Entity Type 3,,0.0892406534424171,0.7281412993111438,,,,,,,,,,,,,,,,,,,,,,,,,,,,,,,,,,,,,,,,,,,,,,,,4.0,0.0,4.0,0.0,-1247.0,0,1,0,0,0,0,0,0,0,0,0,0,0,0,0,0,0,0,0,0,0.0,0.0,0.0,0.0,0.0,2.0,-1310.5,-2621.0,-1138.0,-1483.0,2.0,0.0,0.0,0.0,0.0,2.0,-943.5,-1887.0,-772.0,-1115.0,2.0,-1114.0,-1114.0,-1114.0,-1114.0,1.0,0.0,0.0,0.0,0.0,1.0,0.0,0.0,0.0,0.0,2.0,52346.25,104692.5,56092.5,48600.0,2.0,0.0,0.0,0.0,0.0,2.0,0.0,0.0,0.0,0.0,2.0,0.0,0.0,0.0,0.0,2.0,-578.0,-1156.0,-42.0,-1114.0,2.0,,0.0,,,0.0,7943.867999999999,39719.34,10349.91,5300.73,5.0,85999.5,429997.5,102937.5,62325.0,5.0,81145.8,405729.0,95310.0,56092.5,5.0,4853.7,24268.5,10296.0,0.0,5.0,85999.5,429997.5,102937.5,62325.0,5.0,13.6,68.0,15.0,11.0,5.0,1.0,5.0,1.0,1.0,5.0,0.065350215598609,0.3267510779930451,0.1089328961748633,0.0,5.0,,0.0,,,0.0,,0.0,,,0.0,-799.8,-3999.0,-287.0,-1247.0,5.0,19.0,95.0,19.0,19.0,5.0,11.6,58.0,12.0,10.0,5.0,365243.0,1460972.0,365243.0,365243.0,4.0,-682.75,-2731.0,-255.0,-1215.0,4.0,-367.75,-1471.0,15.0,-885.0,4.0,90939.25,363757.0,365243.0,-885.0,4.0,90946.5,363786.0,365243.0,-870.0,4.0,0.0,0.0,0.0,0.0,4.0,1.0,47.0,1.0,1.0,47.0,6.297872340425532,296.0,12.0,1.0,47.0,-573.7659574468086,-26967.0,-15.0,-1215.0,47.0,-580.9148936170212,-27303.0,-28.0,-1220.0,47.0,8405.148829787235,395041.995,10349.91,6500.835,47.0,8125.0267021276595,381876.255,10349.91,4.41,47.0,0,0.3496
100055,0,Cash loans,F,N,N,0,130500.0,1350000.0,37255.5,1350000.0,Unaccompanied,State servant,Secondary / secondary special,Married,House / apartment,0.020713,-19727,-4411.0,-6225.0,-3199,,1,1,1,1,1,0,Managers,2.0,3,3,THURSDAY,10,0,0,0,0,0,0,Government,0.7104273289168539,0.5891866296961207,0.4668640059537032,,,,,,,,,,,,,,,,,,,,,,,,,,,,,,,,,,,,,,,,,,,,,,,,0.0,0.0,0.0,0.0,-784.0,0,1,0,0,0,0,0,0,0,0,0,0,0,0,0,0,0,0,0,0,0.0,0.0,0.0,0.0,0.0,0.0,-876.8571428571429,-6138.0,-161.0,-2202.0,7.0,0.0,0.0,0.0,0.0,7.0,-77.0,-462.0,746.0,-806.0,6.0,-655.3333333333334,-1966.0,-370.0,-806.0,3.0,0.0,0.0,0.0,0.0,1.0,0.0,0.0,0.0,0.0,7.0,403818.8592857143,2826732.015,1370254.5,48150.0,7.0,248887.611,1244438.055,1210297.5,0.0,5.0,0.0,0.0,0.0,0.0,4.0,0.0,0.0,0.0,0.0,7.0,-288.0,-2016.0,-13.0,-789.0,7.0,,0.0,,,0.0,9036.7875,18073.575,11150.595,6922.98,2.0,73264.5,146529.0,109309.5,37219.5,2.0,73975.5,147951.0,108765.0,39186.0,2.0,5467.5,10935.0,10935.0,0.0,2.0,73264.5,146529.0,109309.5,37219.5,2.0,7.0,14.0,8.0,6.0,2.0,1.0,2.0,1.0,1.0,2.0,0.0497460697197539,0.0994921394395078,0.0994921394395078,0.0,2.0,,0.0,,,0.0,,0.0,,,0.0,-568.5,-1137.0,-353.0,-784.0,2.0,160.0,320.0,160.0,160.0,2.0,9.0,18.0,12.0,6.0,2.0,365243.0,730486.0,365243.0,365243.0,2.0,-537.5,-1075.0,-322.0,-753.0,2.0,-297.5,-595.0,-172.0,-423.0,2.0,-372.5,-745.0,-322.0,-423.0,2.0,-369.0,-738.0,-320.0,-418.0,2.0,0.0,0.0,0.0,0.0,2.0,1.0769230769230769,14.0,2.0,1.0,13.0,6.076923076923077,79.0,12.0,1.0,13.0,-567.5384615384615,-7378.0,-322.0,-753.0,13.0,-578.5384615384615,-7521.0,-345.0,-767.0,13.0,13355.093076923076,173616.21,39848.4,11111.265,13.0,13355.093076923076,173616.21,39848.4,11111.265,13.0,0,0.3101
100056,0,Cash loans,M,Y,Y,0,360000.0,1506816.0,49927.5,1350000.0,Unaccompanied,Working,Secondary / secondary special,Married,House / apartment,0.010006,-18264,-9523.0,-5504.0,-1797,3.0,1,1,0,1,0,0,Laborers,2.0,2,2,THURSDAY,10,0,0,0,0,1,1,Transport: type 2,,0.5239340474953537,,,,,,,,,,,,,,,,,,,,,,,,,,,,,,,,,,,,,,,,,,,,,,,,,1.0,1.0,1.0,1.0,-1498.0,0,1,0,0,0,0,0,0,0,0,0,0,0,0,0,0,0,0,0,0,,,,,,,,,,,,,,,,,,,,,,,,,,,,,,,,,,,,,,,,,,,,,,,,,,,,,,,,,,,,,,,,,,,17561.715,52685.145,21678.705,13502.385,3.0,254640.0,763920.0,405000.0,135000.0,3.0,283330.5,849991.5,506038.5,142425.0,3.0,11196.0,22392.0,22392.0,0.0,2.0,254640.0,763920.0,405000.0,135000.0,3.0,11.0,33.0,14.0,8.0,3.0,1.0,3.0,1.0,1.0,3.0,0.0544545454545454,0.1089090909090909,0.1089090909090909,0.0,2.0,,0.0,,,0.0,,0.0,,,0.0,-2538.0,-7614.0,-2166.0,-2828.0,3.0,24.33333333333333,73.0,75.0,-1.0,3.0,29.33333333333333,88.0,54.0,10.0,3.0,365243.0,1095729.0,365243.0,365243.0,3.0,-2506.0,-7518.0,-2136.0,-2792.0,3.0,-1656.0,-4968.0,-546.0,-2320.0,3.0,-1826.0,-5478.0,-546.0,-2470.0,3.0,-1819.3333333333333,-5458.0,-543.0,-2461.0,3.0,0.6666666666666666,2.0,1.0,0.0,3.0,1.043010752688172,97.0,3.0,1.0,93.0,21.462365591397848,1996.0,101.0,1.0,93.0,-1676.7096774193549,-155934.0,-546.0,-2792.0,93.0,-1686.52688172043,-156847.0,-559.0,-2801.0,93.0,22621.35967741936,2103786.45,168149.79,1350.0,93.0,17814.085645161293,1656709.965,168149.79,45.675,93.0,0,0.34
100058,0,Revolving loans,F,N,Y,0,54000.0,135000.0,6750.0,135000.0,Unaccompanied,State servant,Higher education,Married,House / apartment,0.0145199999999999,-12406,-1176.0,-1149.0,-2576,,1,1,0,0,0,0,Core staff,2.0,2,2,THURSDAY,9,0,0,0,0,0,0,School,0.6562248044601879,0.4508497225560816,0.4794489811780563,0.0664,0.0442,0.998,,,0.08,0.0552,0.4083,0.45,0.0085,,0.0651,,0.016,0.0441,0.0306,0.998,,,0.0806,0.069,0.375,0.4167,0.0078,,0.0487,,0.0168,0.0822,0.0408,0.998,,,0.08,0.069,0.375,0.4167,0.0087,,0.0747,,0.0163,,block of flats,0.0403,Panel,No,0.0,0.0,0.0,0.0,0.0,0,1,0,0,0,0,0,0,0,0,0,0,0,0,0,0,1,0,0,0,0.0,0.0,0.0,0.0,0.0,0.0,-1049.75,-4199.0,-223.0,-2536.0,4.0,0.0,0.0,0.0,0.0,4.0,7571.0,30284.0,31087.0,-709.0,4.0,-465.0,-930.0,-172.0,-758.0,2.0,,0.0,,,0.0,0.0,0.0,0.0,0.0,4.0,202500.0,810000.0,450000.0,90000.0,4.0,64649.25,258597.0,130819.5,0.0,4.0,0.0,0.0,0.0,0.0,3.0,0.0,0.0,0.0,0.0,4.0,-191.75,-767.0,-18.0,-562.0,4.0,,0.0,,,0.0,,,,,,,,,,,,,,,,,,,,,,,,,,,,,,,,,,,,,,,,,,,,,,,,,,,,,,,,,,,,,,,,,,,,,,,,,,,,,,,,,,,,,,,,,,,,,,,,,,,,,,,,,,,,,,,,,,,,,,,,,,,,,,0,0.1223
100059,0,Cash loans,M,Y,Y,1,540000.0,675000.0,34596.0,675000.0,Unaccompanied,Commercial associate,Higher education,Married,House / apartment,0.026392,-18632,-6977.0,-3904.0,-1937,7.0,1,1,0,1,1,0,Managers,3.0,2,2,TUESDAY,10,0,0,0,0,0,0,Services,0.3115099249880457,0.7133545848531052,0.3092753558842053,0.5309,0.2491,0.9811,0.7416,,0.88,0.3793,0.4583,0.0,0.3977,,0.5878,,0.0487,0.541,0.2585,0.9811,0.7517,,0.8862,0.3793,0.4583,0.0,0.4067,,0.6124,,0.0516,0.5361,0.2491,0.9811,0.7451,,0.88,0.3793,0.4583,0.0,0.4046,,0.5983,,0.0498,,block of flats,0.5149,Panel,No,2.0,0.0,2.0,0.0,-1285.0,0,1,0,0,0,0,0,0,0,0,0,0,0,0,0,0,0,0,0,0,0.0,0.0,1.0,0.0,0.0,3.0,-639.4,-3197.0,-194.0,-1343.0,5.0,0.0,0.0,0.0,0.0,5.0,-154.4,-772.0,638.0,-612.0,5.0,-382.0,-1528.0,-102.0,-642.0,4.0,8543.97,17087.94,17087.94,0.0,2.0,0.0,0.0,0.0,0.0,5.0,431493.84,2157469.2,1624500.0,55030.5,5.0,196156.8,980784.0,980784.0,0.0,5.0,0.0,0.0,0.0,0.0,4.0,0.0,0.0,0.0,0.0,5.0,-306.6,-1533.0,-12.0,-642.0,5.0,9997.2,49986.0,49986.0,0.0,5.0,25907.20269230769,336793.635,145794.6,4500.0,13.0,186235.56,3352240.08,1305000.0,0.0,18.0,225695.225,4062514.05,1305000.0,0.0,18.0,6202.67,55824.03,28341.0,0.0,9.0,239445.72,3352240.08,1305000.0,35680.05,14.0,15.88888888888889,286.0,19.0,12.0,18.0,0.9444444444444444,17.0,1.0,0.0,18.0,0.0880306409761895,0.792275768785706,0.3998890123568022,0.0,9.0,,0.0,,,0.0,,0.0,,,0.0,-1106.5,-19917.0,-213.0,-2808.0,18.0,1176.1666666666667,21171.0,3500.0,-1.0,18.0,12.461538461538462,162.0,48.0,0.0,13.0,365243.0,2191458.0,365243.0,365243.0,6.0,59991.0,359946.0,365243.0,-2777.0,6.0,60381.0,362286.0,365243.0,-2657.0,6.0,60061.0,360366.0,365243.0,-2747.0,6.0,-833.5,-5001.0,-51.0,-2739.0,6.0,0.0,0.0,0.0,0.0,6.0,1.263157894736842,24.0,2.0,1.0,19.0,3.3157894736842106,63.0,9.0,1.0,19.0,-689.9473684210526,-13109.0,-56.0,-2777.0,19.0,-704.3157894736842,-13382.0,-70.0,-2777.0,19.0,68871.62842105264,1308560.94,416819.61,5621.355,19.0,68871.62842105264,1308560.94,416819.61,5621.355,19.0,0,0.2215
100060,0,Cash loans,M,Y,N,0,76500.0,454500.0,14661.0,454500.0,Unaccompanied,Working,Secondary / secondary special,Married,House / apartment,0.028663,-12282,-778.0,-1824.0,-1992,13.0,1,1,1,1,0,0,,2.0,2,2,TUESDAY,10,0,0,0,0,0,0,Emergency,0.2445616325354615,0.705947456699447,0.7992967832109371,0.0227,,0.9806,,,,0.1034,0.0417,,,,0.0114,,0.0226,0.0231,,0.9806,,,,0.1034,0.0417,,,,0.0119,,0.0239,0.0229,,0.9806,,,,0.1034,0.0417,,,,0.0116,,0.023,,block of flats,0.0139,"Stone, brick",No,4.0,0.0,4.0,0.0,-466.0,0,1,0,0,0,0,0,0,0,0,0,0,0,0,0,0,0,0,0,0,0.0,0.0,0.0,1.0,0.0,0.0,-1327.0,-6635.0,-809.0,-1703.0,5.0,0.0,0.0,0.0,0.0,5.0,-1034.0,-5170.0,-444.0,-1337.0,5.0,-1085.6,-5428.0,-715.0,-1337.0,5.0,0.0,0.0,0.0,0.0,1.0,0.0,0.0,0.0,0.0,5.0,54928.368,274641.84,80979.84,39991.5,5.0,0.0,0.0,0.0,0.0,5.0,0.0,0.0,0.0,0.0,3.0,0.0,0.0,0.0,0.0,5.0,-822.6,-4113.0,-288.0,-1220.0,5.0,0.0,0.0,0.0,0.0,3.0,12177.0,12177.0,12177.0,12177.0,1.0,180000.0,180000.0,180000.0,180000.0,1.0,180000.0,180000.0,180000.0,180000.0,1.0,,0.0,,,0.0,180000.0,180000.0,180000.0,180000.0,1.0,13.0,13.0,13.0,13.0,1.0,1.0,1.0,1.0,1.0,1.0,,0.0,,,0.0,,0.0,,,0.0,,0.0,,,0.0,-466.0,-466.0,-466.0,-466.0,1.0,-1.0,-1.0,-1.0,-1.0,1.0,36.0,36.0,36.0,36.0,1.0,365243.0,365243.0,365243.0,365243.0,1.0,-436.0,-436.0,-436.0,-436.0,1.0,614.0,614.0,614.0,614.0,1.0,-316.0,-316.0,-316.0,-316.0,1.0,-310.0,-310.0,-310.0,-310.0,1.0,0.0,0.0,0.0,0.0,1.0,2.833333333333333,17.0,5.0,1.0,6.0,2.833333333333333,17.0,5.0,1.0,6.0,-381.0,-2286.0,-316.0,-436.0,6.0,-396.0,-2376.0,-333.0,-452.0,6.0,36424.425,218546.55,102732.75,6818.4,6.0,51424.425,308546.55,102732.75,6818.4,6.0,0,0.2599
100061,0,Cash loans,F,N,Y,2,225000.0,314055.0,16164.0,238500.0,Unaccompanied,Commercial associate,Higher education,Married,House / apartment,0.006629,-10473,-1392.0,-2025.0,-1240,,1,1,0,1,0,0,Core staff,4.0,2,2,THURSDAY,3,0,0,0,1,1,0,Self-employed,0.1895957995501827,0.7029791046049891,0.7016957740576931,,,,,,,,,,,,,,,,,,,,,,,,,,,,,,,,,,,,,,,,,,,,,,,,0.0,0.0,0.0,0.0,-570.0,0,1,0,0,0,0,0,0,0,0,0,0,0,0,0,0,0,0,0,0,0.0,0.0,0.0,0.0,0.0,5.0,-924.0,-924.0,-924.0,-924.0,1.0,0.0,0.0,0.0,0.0,1.0,-738.0,-738.0,-738.0,-738.0,1.0,-771.0,-771.0,-771.0,-771.0,1.0,,0.0,,,0.0,0.0,0.0,0.0,0.0,1.0,37741.5,37741.5,37741.5,37741.5,1.0,0.0,0.0,0.0,0.0,1.0,,0.0,,,0.0,0.0,0.0,0.0,0.0,1.0,-426.0,-426.0,-426.0,-426.0,1.0,,0.0,,,0.0,27749.565,138747.825,49219.74,6006.285,5.0,314509.5,1887057.0,765000.0,44055.0,6.0,336567.75,2019406.5,830637.0,50094.0,6.0,5577.75,11155.5,6750.0,4405.5,2.0,314509.5,1887057.0,765000.0,44055.0,6.0,9.166666666666666,55.0,12.0,4.0,6.0,1.0,6.0,1.0,1.0,6.0,0.0967881020174898,0.1935762040349797,0.1055388825916637,0.088037321443316,2.0,,0.0,,,0.0,,0.0,,,0.0,-1072.3333333333333,-6434.0,-709.0,-1573.0,6.0,39.0,234.0,87.0,-1.0,6.0,16.8,84.0,30.0,6.0,5.0,365243.0,1826215.0,365243.0,365243.0,5.0,-1042.8,-5214.0,-679.0,-1542.0,5.0,-568.8,-2844.0,191.0,-1212.0,5.0,-634.8,-3174.0,-49.0,-1212.0,5.0,-629.6,-3148.0,-46.0,-1208.0,5.0,0.6,3.0,1.0,0.0,5.0,1.6363636363636365,126.0,3.0,1.0,77.0,9.844155844155845,758.0,24.0,1.0,77.0,-692.8181818181819,-53347.0,-49.0,-1542.0,77.0,-703.5454545454545,-54173.0,-75.0,-1557.0,77.0,37177.07844155844,2862635.04,350120.52,5978.655,77.0,40008.86883116883,3080682.9,350120.52,145.935,77.0,0,0.2324
100062,0,Cash loans,M,Y,N,0,81000.0,675000.0,32472.0,675000.0,Unaccompanied,Pensioner,Secondary / secondary special,Married,House / apartment,0.010006,-18611,,-6936.0,-2142,8.0,1,0,0,1,1,0,,2.0,2,2,TUESDAY,17,0,0,0,0,0,0,XNA,,0.6628649268152181,0.7380196196295241,0.2165,0.1678,0.9846,0.7892,,0.24,0.2069,0.3333,0.375,0.1071,,,,0.0151,0.2206,0.1741,0.9846,0.7975,,0.2417,0.2069,0.3333,0.375,0.1095,,,,0.016,0.2186,0.1678,0.9846,0.792,,0.24,0.2069,0.3333,0.375,0.1089,,,,0.0154,reg oper account,block of flats,0.2048,Panel,No,0.0,0.0,0.0,0.0,-462.0,0,1,0,0,0,0,0,0,0,0,0,0,0,0,0,0,0,0,0,0,0.0,0.0,0.0,0.0,0.0,2.0,-1297.0,-2594.0,-306.0,-2288.0,2.0,0.0,0.0,0.0,0.0,2.0,-294.0,-588.0,273.0,-861.0,2.0,-567.5,-1135.0,-274.0,-861.0,2.0,,0.0,,,0.0,0.0,0.0,0.0,0.0,2.0,540813.06,1081626.12,954000.0,127626.12,2.0,0.0,0.0,0.0,0.0,2.0,0.0,0.0,0.0,0.0,1.0,0.0,0.0,0.0,0.0,2.0,-554.0,-1108.0,-270.0,-838.0,2.0,0.0,0.0,0.0,0.0,1.0,37283.3325,223699.995,66663.9,23278.095,6.0,503100.0,5031000.0,900000.0,0.0,10.0,510191.55,5101915.5,900000.0,0.0,10.0,75150.0,75150.0,75150.0,75150.0,1.0,838500.0,5031000.0,900000.0,679500.0,6.0,13.6,136.0,19.0,10.0,10.0,1.0,10.0,1.0,1.0,10.0,0.1048005334682718,0.1048005334682718,0.1048005334682718,0.1048005334682718,1.0,,0.0,,,0.0,,0.0,,,0.0,-312.1,-3121.0,-295.0,-462.0,10.0,29.1,291.0,300.0,-1.0,10.0,42.0,252.0,60.0,12.0,6.0,365243.0,730486.0,365243.0,365243.0,2.0,-345.5,-691.0,-265.0,-426.0,2.0,524.5,1049.0,1145.0,-96.0,2.0,182483.5,364967.0,365243.0,-276.0,2.0,182486.5,364973.0,365243.0,-270.0,2.0,0.0,0.0,0.0,0.0,2.0,1.0666666666666669,16.0,2.0,1.0,15.0,4.4,66.0,9.0,1.0,15.0,-227.4,-3411.0,-25.0,-426.0,15.0,-238.0,-3570.0,-44.0,-444.0,15.0,69419.44499999999,1041291.675,440267.175,29745.0,15.0,69419.44499999999,1041291.675,440267.175,29745.0,15.0,0,0.1708
100063,0,Cash loans,F,N,Y,0,180000.0,837427.5,45558.0,666000.0,Unaccompanied,Working,Higher education,Married,House / apartment,0.022625,-12955,-4106.0,-7054.0,-5164,,1,1,0,1,1,1,Managers,2.0,2,2,MONDAY,15,0,0,0,0,0,0,Medicine,0.5527719020519871,0.6166372926426479,0.0701088438273582,0.1186,0.066,0.9801,0.728,0.0385,0.04,0.0345,0.3333,0.0417,0.0606,0.0958,0.0822,0.0039,0.0002,0.1208,0.0685,0.9801,0.7387,0.0388,0.0403,0.0345,0.3333,0.0417,0.062,0.1047,0.0856,0.0039,0.0002,0.1197,0.066,0.9801,0.7316,0.0387,0.04,0.0345,0.3333,0.0417,0.0616,0.0975,0.0837,0.0039,0.0002,reg oper spec account,block of flats,0.0857,"Stone, brick",No,1.0,1.0,1.0,1.0,-1547.0,0,1,0,0,0,0,0,0,0,0,0,0,0,0,0,0,0,0,0,0,0.0,0.0,0.0,1.0,0.0,4.0,-1134.2777777777778,-20417.0,-238.0,-2909.0,18.0,0.0,0.0,0.0,0.0,18.0,-148.27777777777777,-2669.0,1280.0,-2446.0,18.0,-1004.7272727272727,-11052.0,-98.0,-2474.0,11.0,2502.0,2502.0,2502.0,2502.0,1.0,0.0,0.0,0.0,0.0,18.0,278129.5,5006331.0,900000.0,0.0,18.0,97169.93205882351,1651888.845,705651.345,0.0,17.0,0.0,0.0,0.0,0.0,13.0,0.0,0.0,0.0,0.0,18.0,-530.3888888888889,-9547.0,-4.0,-1952.0,18.0,2858.072142857143,40013.01,14232.51,0.0,14.0,20504.102142857144,143528.715,29543.85,12495.24,7.0,170786.5,1537078.5,450000.0,0.0,9.0,206157.5,1855417.5,512370.0,0.0,9.0,15567.75,31135.5,31135.5,0.0,2.0,219582.64285714287,1537078.5,450000.0,135000.0,7.0,14.555555555555555,131.0,19.0,12.0,9.0,1.0,9.0,1.0,1.0,9.0,0.100432093829135,0.20086418765827,0.20086418765827,0.0,2.0,,0.0,,,0.0,,0.0,,,0.0,-712.7777777777778,-6415.0,-456.0,-1547.0,9.0,255.44444444444449,2299.0,2301.0,-1.0,9.0,21.428571428571427,150.0,36.0,12.0,7.0,365243.0,1460972.0,365243.0,365243.0,4.0,-929.75,-3719.0,-425.0,-1516.0,4.0,-284.75,-1139.0,327.0,-1006.0,4.0,90636.75,362547.0,365243.0,-1336.0,4.0,90641.5,362566.0,365243.0,-1331.0,4.0,0.25,1.0,1.0,0.0,4.0,1.173913043478261,54.0,3.0,1.0,46.0,9.565217391304348,440.0,24.0,1.0,46.0,-575.0217391304348,-26451.0,-28.0,-1516.0,46.0,-576.4782608695652,-26518.0,-28.0,-1518.0,46.0,29445.91532608696,1354512.105,189971.055,7844.4,46.0,25865.34358695652,1189805.805,189971.055,101.475,46.0,1,0.6457
100064,0,Cash loans,F,N,N,0,67500.0,298728.0,15381.0,202500.0,Family,Pensioner,Secondary / secondary special,Single / not married,Municipal apartment,0.019101,-21621,,-2019.0,-1344,,1,0,0,1,0,0,,1.0,2,2,MONDAY,9,0,0,0,0,0,0,XNA,,0.6227082733555896,0.1694287272664794,,,,,,,,,,,,,,,,,,,,,,,,,,,,,,,,,,,,,,,,,,,,,,,,0.0,0.0,0.0,0.0,0.0,0,1,0,0,0,0,0,0,0,0,0,0,0,0,0,0,0,0,0,0,0.0,0.0,0.0,0.0,0.0,0.0,-424.0,-848.0,-339.0,-509.0,2.0,0.0,0.0,0.0,0.0,2.0,40.0,80.0,221.0,-141.0,2.0,,0.0,,,0.0,,0.0,,,0.0,0.0,0.0,0.0,0.0,2.0,81000.0,162000.0,94500.0,67500.0,2.0,47706.75,95413.5,60462.0,34951.5,2.0,0.0,0.0,0.0,0.0,2.0,0.0,0.0,0.0,0.0,2.0,-96.5,-193.0,-21.0,-172.0,2.0,4653.0,4653.0,4653.0,4653.0,1.0,2144.61,2144.61,2144.61,2144.61,1.0,47607.48,47607.48,47607.48,47607.48,1.0,47605.5,47605.5,47605.5,47605.5,1.0,1.98,1.98,1.98,1.98,1.0,47607.48,47607.48,47607.48,47607.48,1.0,21.0,21.0,21.0,21.0,1.0,1.0,1.0,1.0,1.0,1.0,4.529540315933546e-05,4.529540315933546e-05,4.529540315933546e-05,4.529540315933546e-05,1.0,,0.0,,,0.0,,0.0,,,0.0,-613.0,-613.0,-613.0,-613.0,1.0,146.0,146.0,146.0,146.0,1.0,24.0,24.0,24.0,24.0,1.0,365243.0,365243.0,365243.0,365243.0,1.0,-577.0,-577.0,-577.0,-577.0,1.0,113.0,113.0,113.0,113.0,1.0,-37.0,-37.0,-37.0,-37.0,1.0,-29.0,-29.0,-29.0,-29.0,1.0,0.0,0.0,0.0,0.0,1.0,1.24,31.0,4.0,1.0,25.0,17.04,426.0,102.0,1.0,25.0,-318.68,-7967.0,-37.0,-577.0,25.0,-330.6,-8265.0,-39.0,-593.0,25.0,2399.8446000000004,59996.115000000005,12665.475,74.61,25.0,2056.7070000000003,51417.675,12665.475,74.61,25.0,1,0.7181
100068,0,Revolving loans,M,N,Y,0,81000.0,247500.0,12375.0,247500.0,Unaccompanied,Working,Secondary / secondary special,Married,House / apartment,0.031329,-18248,-2351.0,-4375.0,-1721,,1,1,1,1,1,0,Security staff,2.0,2,2,WEDNESDAY,14,0,0,0,0,1,1,Security,0.2377197192577024,0.6091352920795285,0.5136937663039473,0.1227,0.1572,0.9886,0.8436,0.0029,0.0,0.3448,0.1667,0.2083,0.0554,0.0992,0.1177,0.0039,0.0052,0.125,0.1631,0.9886,0.8497,0.0029,0.0,0.3448,0.1667,0.2083,0.0566,0.1084,0.1226,0.0039,0.0055,0.1239,0.1572,0.9886,0.8457,0.0029,0.0,0.3448,0.1667,0.2083,0.0563,0.1009,0.1198,0.0039,0.0053,org spec account,block of flats,0.0926,Panel,No,2.0,0.0,2.0,0.0,-167.0,0,0,0,0,0,0,0,0,0,0,0,0,0,0,0,0,0,0,0,0,0.0,0.0,0.0,0.0,0.0,0.0,-1498.0,-7490.0,-400.0,-2529.0,5.0,0.0,0.0,0.0,0.0,5.0,-477.0,-1431.0,1426.0,-1798.0,3.0,-1268.0,-5072.0,-538.0,-2020.0,4.0,1970.955,5912.865,5912.865,0.0,3.0,0.0,0.0,0.0,0.0,5.0,230350.788,1151753.94,900000.0,4500.0,5.0,266346.0,799038.0,799038.0,0.0,3.0,0.0,0.0,0.0,0.0,3.0,0.0,0.0,0.0,0.0,5.0,-1021.4,-5107.0,-35.0,-2020.0,5.0,,0.0,,,0.0,7761.465,7761.465,7761.465,7761.465,1.0,82152.0,82152.0,82152.0,82152.0,1.0,81742.5,81742.5,81742.5,81742.5,1.0,8217.0,8217.0,8217.0,8217.0,1.0,82152.0,82152.0,82152.0,82152.0,1.0,13.0,13.0,13.0,13.0,1.0,1.0,1.0,1.0,1.0,1.0,0.0994787654444499,0.0994787654444499,0.0994787654444499,0.0994787654444499,1.0,,0.0,,,0.0,,0.0,,,0.0,-167.0,-167.0,-167.0,-167.0,1.0,206.0,206.0,206.0,206.0,1.0,12.0,12.0,12.0,12.0,1.0,365243.0,365243.0,365243.0,365243.0,1.0,-131.0,-131.0,-131.0,-131.0,1.0,199.0,199.0,199.0,199.0,1.0,365243.0,365243.0,365243.0,365243.0,1.0,365243.0,365243.0,365243.0,365243.0,1.0,0.0,0.0,0.0,0.0,1.0,1.0,5.0,1.0,1.0,5.0,3.0,15.0,5.0,1.0,5.0,-71.0,-355.0,-11.0,-131.0,5.0,-79.2,-396.0,-16.0,-135.0,5.0,7761.464999999999,38807.325,7761.465,7761.465,5.0,7761.464999999999,38807.325,7761.465,7761.465,5.0,0,0.3554
100069,0,Cash loans,M,Y,Y,1,360000.0,640458.0,27265.5,517500.0,Unaccompanied,Working,Secondary / secondary special,Separated,House / apartment,0.00733,-14186,-1743.0,-2128.0,-4982,10.0,1,1,0,1,0,0,Laborers,2.0,2,2,MONDAY,11,0,1,1,0,1,1,Transport: type 4,,0.2567370429595146,0.7076993447402619,,,,,,,,,,,,,,,,,,,,,,,,,,,,,,,,,,,,,,,,,,,,,,,,0.0,0.0,0.0,0.0,-112.0,0,1,0,0,0,0,0,0,0,0,0,0,0,0,0,0,0,0,0,0,0.0,0.0,0.0,0.0,1.0,3.0,-1204.25,-4817.0,-112.0,-2263.0,4.0,0.0,0.0,0.0,0.0,4.0,-161.25,-645.0,1359.0,-1820.0,4.0,-1134.0,-2268.0,-448.0,-1820.0,2.0,0.0,0.0,0.0,0.0,1.0,0.0,0.0,0.0,0.0,4.0,1562331.375,6249325.5,3600000.0,57469.5,4.0,788064.75,3152259.0,3059608.5,0.0,4.0,0.0,0.0,0.0,0.0,4.0,0.0,0.0,0.0,0.0,4.0,-491.0,-1964.0,-6.0,-1593.0,4.0,40486.5,40486.5,40486.5,40486.5,1.0,18007.6125,108045.675,30174.435,9105.48,6.0,145163.025,1016141.175,353250.0,0.0,7.0,138802.5,971617.5,317925.0,0.0,7.0,15768.135,78840.675,35325.0,0.675,5.0,169356.86250000002,1016141.175,353250.0,112770.0,6.0,13.714285714285714,96.0,16.0,10.0,7.0,1.0,7.0,1.0,1.0,7.0,0.0950542402333447,0.4752712011667237,0.2178181818181818,5.7909524183188114e-06,5.0,0.1891363481808909,0.1891363481808909,0.1891363481808909,0.1891363481808909,1.0,0.8350951374207188,0.8350951374207188,0.8350951374207188,0.8350951374207188,1.0,-715.8571428571429,-5011.0,-112.0,-1556.0,7.0,30.142857142857142,211.0,53.0,-1.0,7.0,11.0,66.0,12.0,6.0,6.0,365243.0,1826215.0,365243.0,365243.0,5.0,-907.0,-4535.0,-180.0,-1525.0,5.0,-613.0,-3065.0,-30.0,-1195.0,5.0,-611.2,-3056.0,-21.0,-1195.0,5.0,-605.8,-3029.0,-15.0,-1191.0,5.0,0.2,1.0,1.0,0.0,5.0,1.105263157894737,63.0,2.0,1.0,57.0,6.228070175438597,355.0,12.0,1.0,57.0,-825.4736842105264,-47052.0,-21.0,-1525.0,57.0,-833.6140350877193,-47516.0,-21.0,-1538.0,57.0,18650.23894736842,1063063.62,30174.435,1376.19,57.0,18044.947894736844,1028562.03,30174.435,1376.19,57.0,0,0.2761
100070,0,Cash loans,M,Y,Y,0,540000.0,1227901.5,46899.0,1129500.0,Unaccompanied,Working,Higher education,Widow,House / apartment,0.032561,-20544,-2091.0,-6846.0,-566,2.0,1,1,1,1,0,0,Managers,1.0,1,1,TUESDAY,14,0,0,0,0,0,0,Business Entity Type 3,,0.6535972121081295,0.3392876999089139,0.0256,0.0,0.9354,0.116,0.0076,0.0,0.1172,0.1,0.1417,0.0664,0.0202,0.0305,0.0039,0.0084,0.0063,0.0,0.9136,0.0,0.0006,0.0,0.069,0.0833,0.125,0.0819,0.0055,0.0072,0.0,0.0,0.0104,0.0,0.9136,0.0,0.0015,0.0,0.069,0.0833,0.125,0.0815,0.0086,0.0069999999999999,0.0039,0.0013,reg oper account,block of flats,0.0058,"Stone, brick",No,0.0,0.0,0.0,0.0,-1377.0,0,0,0,0,0,0,1,0,0,0,0,0,0,0,0,0,0,0,0,0,0.0,0.0,0.0,0.0,0.0,0.0,-1523.1666666666667,-9139.0,-299.0,-2350.0,6.0,0.0,0.0,0.0,0.0,6.0,126.0,756.0,1103.0,-1255.0,6.0,-1125.6666666666667,-3377.0,-460.0,-1665.0,3.0,,0.0,,,0.0,0.0,0.0,0.0,0.0,6.0,1459800.0,8758800.0,2025000.0,253800.0,6.0,374939.25,2249635.5,1450858.5,0.0,6.0,0.0,0.0,0.0,0.0,1.0,0.0,0.0,0.0,0.0,6.0,-556.1666666666666,-3337.0,-4.0,-1628.0,6.0,,0.0,,,0.0,13564.5975,27129.195,13879.26,13249.935,2.0,149765.445,299530.89,163189.89,136341.0,2.0,133715.25,267430.5,136876.5,130554.0,2.0,23135.445,46270.89,32635.89,13635.0,2.0,149765.445,299530.89,163189.89,136341.0,2.0,14.5,29.0,18.0,11.0,2.0,1.0,2.0,1.0,1.0,2.0,0.1582330867324158,0.3164661734648316,0.2178042469977209,0.0986619264671107,2.0,0.1607163096452454,0.1607163096452454,0.1607163096452454,0.1607163096452454,1.0,0.715644820295983,0.715644820295983,0.715644820295983,0.715644820295983,1.0,-831.5,-1663.0,-286.0,-1377.0,2.0,647.5,1295.0,1215.0,80.0,2.0,13.0,26.0,14.0,12.0,2.0,365243.0,730486.0,365243.0,365243.0,2.0,-793.0,-1586.0,-249.0,-1337.0,2.0,-433.0,-866.0,81.0,-947.0,2.0,-568.0,-1136.0,-189.0,-947.0,2.0,-562.0,-1124.0,-184.0,-940.0,2.0,0.0,0.0,0.0,0.0,2.0,1.0526315789473684,20.0,2.0,1.0,19.0,6.7368421052631575,128.0,14.0,1.0,19.0,-993.1052631578948,-18869.0,-189.0,-1337.0,19.0,-1007.578947368421,-19144.0,-217.0,-1367.0,19.0,18761.118157894736,356461.245,108039.195,13249.935,19.0,17300.143421052635,328702.72500000003,108039.195,147.96,19.0,0,0.3226
100071,0,Cash loans,F,N,Y,0,180000.0,1663987.5,86989.5,1588500.0,Family,Commercial associate,Secondary / secondary special,Married,House / apartment,0.018801,-20121,-2446.0,-6755.0,-2177,,1,1,0,1,0,0,Accountants,2.0,2,2,MONDAY,12,0,0,0,0,0,0,Industry: type 11,,0.5706663563799912,0.6971469077844458,0.0876,0.0496,0.9841,0.7824,0.0096,0.04,0.0345,0.4583,0.5,0.0208,0.0698,0.0767,0.0077,0.021,0.0893,0.0515,0.9841,0.7909,0.0097,0.0403,0.0345,0.4583,0.5,0.0213,0.0762,0.0799,0.0078,0.0222,0.0885,0.0496,0.9841,0.7853,0.0097,0.04,0.0345,0.4583,0.5,0.0212,0.071,0.0781,0.0078,0.0214,reg oper spec account,block of flats,0.0701,"Stone, brick",No,0.0,0.0,0.0,0.0,-1572.0,0,1,0,0,0,0,0,0,0,0,0,0,0,0,0,0,0,0,0,0,0.0,0.0,0.0,2.0,0.0,1.0,-1594.25,-6377.0,-1106.0,-2258.0,4.0,0.0,0.0,0.0,0.0,4.0,-1158.5,-4634.0,-740.0,-1977.0,4.0,-1165.25,-4661.0,-850.0,-1977.0,4.0,,0.0,,,0.0,0.0,0.0,0.0,0.0,4.0,149514.75,598059.0,184500.0,126000.0,4.0,0.0,0.0,0.0,0.0,3.0,0.0,0.0,0.0,0.0,3.0,0.0,0.0,0.0,0.0,4.0,-687.5,-2750.0,-593.0,-970.0,4.0,,0.0,,,0.0,35193.51,70387.02,60289.425,10097.595,2.0,408946.5,817893.0,594000.0,223893.0,2.0,420707.25,841414.5,617521.5,223893.0,2.0,0.0,0.0,0.0,0.0,1.0,408946.5,817893.0,594000.0,223893.0,2.0,12.0,24.0,15.0,9.0,2.0,1.0,2.0,1.0,1.0,2.0,0.0,0.0,0.0,0.0,1.0,,0.0,,,0.0,,0.0,,,0.0,-1312.5,-2625.0,-1053.0,-1572.0,2.0,374.5,749.0,750.0,-1.0,2.0,18.0,36.0,24.0,12.0,2.0,365243.0,730486.0,365243.0,365243.0,2.0,-1282.0,-2564.0,-1023.0,-1541.0,2.0,-772.0,-1544.0,-693.0,-851.0,2.0,-862.0,-1724.0,-693.0,-1031.0,2.0,-854.5,-1709.0,-686.0,-1023.0,2.0,0.5,1.0,1.0,0.0,2.0,1.0333333333333334,31.0,2.0,1.0,30.0,8.3,249.0,18.0,1.0,30.0,-1114.8,-33444.0,-693.0,-1541.0,30.0,-1124.8666666666666,-33746.0,-703.0,-1552.0,30.0,32124.960000000003,963748.8,69051.33,10097.595,30.0,32124.960000000003,963748.8,69051.33,10097.595,30.0,0,0.1545
100072,0,Cash loans,M,N,N,0,180000.0,1080000.0,44118.0,1080000.0,Unaccompanied,Working,Incomplete higher,Single / not married,With parents,0.010006,-7907,-1324.0,-4557.0,-586,,1,1,0,1,0,1,Sales staff,1.0,2,1,TUESDAY,9,0,0,0,0,0,0,Trade: type 2,,0.0265407750366898,0.434733248750173,0.0928,0.0955,0.9856,0.8028,0.013,0.0,0.2069,0.1667,0.2083,0.1147,0.0756,0.0913,0.0,0.0,0.0945,0.0991,0.9856,0.8105,0.0131,0.0,0.2069,0.1667,0.2083,0.1173,0.0826,0.0951,0.0,0.0,0.0937,0.0955,0.9856,0.8054,0.0131,0.0,0.2069,0.1667,0.2083,0.1167,0.077,0.0929,0.0,0.0,reg oper account,block of flats,0.0804,Panel,No,0.0,0.0,0.0,0.0,-725.0,0,0,0,0,0,0,0,0,0,0,0,0,0,0,0,0,0,0,0,0,0.0,0.0,0.0,0.0,0.0,4.0,-562.0,-1124.0,-494.0,-630.0,2.0,0.0,0.0,0.0,0.0,2.0,-314.0,-314.0,-314.0,-314.0,1.0,-216.0,-432.0,-119.0,-313.0,2.0,10368.495,10368.495,10368.495,10368.495,1.0,0.0,0.0,0.0,0.0,2.0,157358.25,314716.5,252000.0,62716.5,2.0,0.0,0.0,0.0,0.0,1.0,0.0,0.0,0.0,0.0,1.0,0.0,0.0,0.0,0.0,2.0,-214.5,-429.0,-119.0,-310.0,2.0,11250.0,22500.0,11250.0,11250.0,2.0,28754.265,172525.59,76091.76,5511.78,6.0,224774.55,2247745.5,1467000.0,0.0,10.0,219881.7,2198817.0,1467000.0,0.0,10.0,15149.25,60597.0,38326.5,0.0,4.0,374624.25,2247745.5,1467000.0,31495.5,6.0,12.6,126.0,18.0,10.0,10.0,1.0,10.0,1.0,1.0,10.0,0.1071166399474482,0.428466559789793,0.2106123080860832,0.0,4.0,,0.0,,,0.0,,0.0,,,0.0,-385.9,-3859.0,-124.0,-877.0,10.0,491.6,4916.0,2222.0,-1.0,10.0,12.0,72.0,24.0,6.0,6.0,365243.0,1095729.0,365243.0,365243.0,3.0,-530.6666666666666,-1592.0,-94.0,-846.0,3.0,-200.66666666666663,-602.0,596.0,-696.0,3.0,121308.33333333331,363925.0,365243.0,-726.0,3.0,121310.0,363930.0,365243.0,-723.0,3.0,0.0,0.0,0.0,0.0,3.0,1.7333333333333334,26.0,3.0,1.0,15.0,2.466666666666667,37.0,5.0,1.0,15.0,-462.4,-6936.0,-4.0,-846.0,15.0,-464.53333333333336,-6968.0,-7.0,-860.0,15.0,17743.455,266151.825,53388.9,5511.78,15.0,20330.106000000003,304951.59,67500.0,130.5,15.0,0,0.4932
100073,0,Cash loans,M,Y,Y,0,324000.0,1130760.0,40189.5,810000.0,Unaccompanied,Pensioner,Higher education,Civil marriage,House / apartment,0.01885,-22843,,-1042.0,-3967,10.0,1,0,0,1,0,0,,2.0,2,2,THURSDAY,9,0,0,0,0,0,0,XNA,,0.7330511930996613,0.2340151665320674,0.1928,0.2309,0.9955,,,0.16,0.1379,0.6667,,0.1427,,0.2818,,0.1341,0.1964,0.2396,0.9955,,,0.1611,0.1379,0.6667,,0.1459,,0.2936,,0.142,0.1947,0.2309,0.9955,,,0.16,0.1379,0.6667,,0.1452,,0.2869,,0.1369,,block of flats,0.2522,"Stone, brick",No,0.0,0.0,0.0,0.0,-2385.0,0,1,0,0,0,0,0,0,0,0,0,0,0,0,0,0,0,0,0,0,0.0,0.0,0.0,0.0,1.0,1.0,-877.0,-3508.0,-181.0,-1788.0,4.0,0.0,0.0,0.0,0.0,4.0,-211.5,-423.0,1045.0,-1468.0,2.0,-1468.0,-1468.0,-1468.0,-1468.0,1.0,27453.9825,54907.965,54907.965,0.0,2.0,0.0,0.0,0.0,0.0,4.0,544245.75,2176983.0,1575000.0,151983.0,4.0,512374.5,1537123.5,1149471.0,165465.0,3.0,157779.81,473339.43,425528.64,0.0,3.0,0.0,0.0,0.0,0.0,4.0,-391.25,-1565.0,-25.0,-1459.0,4.0,,0.0,,,0.0,35039.10857142857,245273.76,55973.295,19196.73,7.0,329848.0,2968632.0,1035000.0,0.0,9.0,337668.5,3039016.5,1110141.0,0.0,9.0,33255.0,99765.0,45000.0,18765.0,3.0,424090.28571428574,2968632.0,1035000.0,187632.0,7.0,12.666666666666666,114.0,17.0,9.0,9.0,1.0,9.0,1.0,1.0,9.0,0.1066539298795157,0.3199617896385472,0.1089090909090909,0.1021436078203655,3.0,,0.0,,,0.0,,0.0,,,0.0,-1407.3333333333333,-12666.0,-7.0,-2709.0,9.0,391.1111111111111,3520.0,3446.0,-1.0,9.0,17.142857142857142,120.0,30.0,10.0,7.0,365243.0,1460972.0,365243.0,365243.0,4.0,-1663.5,-6654.0,-757.0,-2667.0,4.0,-1093.5,-4374.0,113.0,-2397.0,4.0,90189.0,360756.0,365243.0,-2397.0,4.0,90193.0,360772.0,365243.0,-2391.0,4.0,0.75,3.0,1.0,0.0,4.0,1.0,87.0,1.0,1.0,87.0,12.114942528735632,1054.0,30.0,1.0,87.0,-916.2068965517242,-79710.0,-6.0,-2667.0,87.0,-920.1494252873564,-80053.0,-6.0,-2667.0,87.0,36632.68086206896,3187043.235,55973.295,19196.73,87.0,31465.205689655173,2737472.895,55973.295,2.52,87.0,0,0.2538
100075,0,Cash loans,F,N,N,0,112500.0,95940.0,10462.5,90000.0,Family,Working,Higher education,Single / not married,House / apartment,0.00496,-12240,-3720.0,-5246.0,-4541,,1,1,0,1,0,0,,1.0,2,2,MONDAY,14,0,0,0,0,0,0,University,0.2996061411205129,0.6645439411246608,0.4920600938649263,,,,,,,,,,,,,,,,,,,,,,,,,,,,,,,,,,,,,,,,,,,,,,,,0.0,0.0,0.0,0.0,-280.0,0,1,0,0,0,0,0,0,0,0,0,0,0,0,0,0,0,0,0,0,0.0,0.0,0.0,0.0,0.0,5.0,-872.0,-3488.0,-83.0,-1637.0,4.0,0.0,0.0,0.0,0.0,4.0,237.25,949.0,1013.0,-1463.0,4.0,,0.0,,,0.0,,0.0,,,0.0,0.0,0.0,0.0,0.0,4.0,247891.5,991566.0,630000.0,24066.0,4.0,136946.25,547785.0,250240.5,8320.5,4.0,0.0,0.0,0.0,0.0,3.0,0.0,0.0,0.0,0.0,4.0,-128.25,-513.0,-10.0,-425.0,4.0,,0.0,,,0.0,22020.48,110102.4,40575.24,11250.0,5.0,95007.85714285714,665055.0,225000.0,0.0,7.0,105107.14285714286,735750.0,225000.0,0.0,7.0,0.0,0.0,0.0,0.0,1.0,133011.0,665055.0,225000.0,57555.0,5.0,13.714285714285714,96.0,17.0,9.0,7.0,1.0,7.0,1.0,1.0,7.0,0.0,0.0,0.0,0.0,1.0,,0.0,,,0.0,,0.0,,,0.0,-438.7142857142857,-3071.0,-280.0,-782.0,7.0,19.285714285714285,135.0,141.0,-1.0,7.0,4.8,24.0,6.0,0.0,5.0,273862.25,1095449.0,365243.0,-280.0,4.0,-486.25,-1945.0,-239.0,-749.0,4.0,90996.75,363987.0,365243.0,-599.0,4.0,90966.75,363867.0,365243.0,-599.0,4.0,90972.25,363889.0,365243.0,-596.0,4.0,0.5,2.0,1.0,0.0,4.0,0.4102564102564102,16.0,2.0,0.0,39.0,9.384615384615383,366.0,25.0,1.0,39.0,-285.2307692307692,-11124.0,-25.0,-749.0,39.0,-290.9230769230769,-11346.0,-34.0,-762.0,39.0,23749.65576923077,926236.575,72987.795,13.905,39.0,23749.65576923077,926236.575,72987.795,13.905,39.0,0,0.3432
100076,0,Cash loans,M,Y,N,0,180000.0,315000.0,9679.5,315000.0,,Commercial associate,Secondary / secondary special,Married,House / apartment,0.028663,-13866,-2546.0,-5448.0,-4097,1.0,1,1,0,1,0,0,Drivers,2.0,2,2,MONDAY,12,0,0,0,0,0,0,Transport: type 3,,0.5848873555356944,0.0950703958413326,0.0124,,0.9677,0.5579999999999999,0.0013,0.0,0.069,0.0417,0.0417,0.0489,0.0101,0.01,0.0,0.0,0.0126,,0.9677,0.5753,0.0013,0.0,0.069,0.0417,0.0417,0.05,0.011,0.0105,0.0,0.0,0.0125,,0.9677,0.5639,0.0013,0.0,0.069,0.0417,0.0417,0.0498,0.0103,0.0102,0.0,0.0,reg oper account,block of flats,0.0079,Block,No,0.0,0.0,0.0,0.0,-3.0,0,0,0,0,0,0,1,0,0,0,0,0,0,0,0,0,0,0,0,0,0.0,0.0,0.0,0.0,0.0,0.0,-244.33333333333331,-733.0,-121.0,-441.0,3.0,0.0,0.0,0.0,0.0,3.0,769.5,1539.0,912.0,627.0,2.0,,0.0,,,0.0,24585.12,49170.24,49170.24,0.0,2.0,0.0,0.0,0.0,0.0,3.0,1098685.86,3296057.58,1811057.58,135000.0,3.0,870286.665,2610859.995,1321393.5,130250.79,3.0,2374.605,4749.21,4749.21,0.0,2.0,0.0,0.0,0.0,0.0,3.0,-13.333333333333334,-40.0,-10.0,-20.0,3.0,61470.0,184410.0,61470.0,61470.0,3.0,,,,,,,,,,,,,,,,,,,,,,,,,,,,,,,,,,,,,,,,,,,,,,,,,,,,,,,,,,,,,,,,,,,,,,,,,,,,,,,,,,,,,,,,,,,,,,,,,,,,,,,,,,,,,,,,,,,,,,,,,,,,,,1,0.6676
100077,0,Cash loans,M,N,Y,0,180000.0,1256400.0,40657.5,900000.0,Unaccompanied,Commercial associate,Secondary / secondary special,Single / not married,House / apartment,0.072508,-12049,-579.0,-6105.0,-1,,1,1,0,1,0,0,Core staff,1.0,1,1,WEDNESDAY,12,0,0,0,0,0,0,Police,0.2867830789116058,0.6473478219828046,0.5620604831738043,0.1433,0.0993,0.9811,0.7416,0.0,0.16,0.1379,0.3333,0.375,0.0,0.1168,0.1367,0.0,0.0207,0.146,0.103,0.9811,0.7517,0.0,0.1611,0.1379,0.3333,0.375,0.0,0.1276,0.1425,0.0,0.0219,0.1447,0.0993,0.9811,0.7451,0.0,0.16,0.1379,0.3333,0.375,0.0,0.1189,0.1392,0.0,0.0211,reg oper account,block of flats,0.1114,Panel,No,4.0,0.0,4.0,0.0,-295.0,0,1,0,0,0,0,0,0,0,0,0,0,0,0,0,0,0,0,0,0,0.0,0.0,0.0,0.0,0.0,8.0,-824.25,-3297.0,-148.0,-1186.0,4.0,0.0,0.0,0.0,0.0,4.0,-884.6666666666666,-2654.0,-650.0,-1002.0,3.0,-876.0,-2628.0,-649.0,-1002.0,3.0,0.0,0.0,0.0,0.0,1.0,0.0,0.0,0.0,0.0,4.0,171864.0,687456.0,270000.0,96228.0,4.0,64481.625,257926.5,257926.5,0.0,4.0,4024.35,12073.05,12073.05,0.0,3.0,0.0,0.0,0.0,0.0,4.0,-537.75,-2151.0,-24.0,-773.0,4.0,,0.0,,,0.0,21123.243,105616.215,48913.245,2250.0,5.0,59380.61538461538,1543896.0,1147500.0,0.0,26.0,66984.92307692308,1741608.0,1344406.5,0.0,26.0,5890.5,5890.5,5890.5,5890.5,1.0,308779.2,1543896.0,1147500.0,45000.0,5.0,12.192307692307692,317.0,15.0,9.0,26.0,1.0,26.0,1.0,1.0,26.0,0.1089257334963324,0.1089257334963324,0.1089257334963324,0.1089257334963324,1.0,,0.0,,,0.0,,0.0,,,0.0,-330.15384615384613,-8584.0,-176.0,-2472.0,26.0,-0.9615384615384616,-25.0,0.0,-1.0,26.0,14.0,70.0,60.0,0.0,5.0,365243.0,1095729.0,365243.0,365243.0,3.0,120845.66666666669,362537.0,365243.0,-2441.0,3.0,120925.66666666669,362777.0,365243.0,-2351.0,3.0,120915.66666666669,362747.0,365243.0,-2351.0,3.0,120917.33333333331,362752.0,365243.0,-2348.0,3.0,0.3333333333333333,1.0,1.0,0.0,3.0,1.3333333333333333,16.0,3.0,1.0,12.0,2.583333333333333,31.0,5.0,1.0,12.0,-1486.8333333333333,-17842.0,-145.0,-2441.0,12.0,-1484.0,-17808.0,-148.0,-2442.0,12.0,33057.22875,396686.745,95597.415,15089.67,12.0,29281.90875,351382.905,95597.415,11.61,12.0,0,0.374
100078,0,Cash loans,F,Y,Y,0,180000.0,1035000.0,43983.0,1035000.0,Unaccompanied,State servant,Higher education,Married,House / apartment,0.028663,-19550,-4856.0,-6836.0,-3084,21.0,1,1,0,1,0,0,Core staff,2.0,2,2,TUESDAY,9,0,0,0,0,0,0,Government,0.7961611232881004,0.5172704004425673,0.4294236843421945,,,,,,,,,,,,,,,,,,,,,,,,,,,,,,,,,,,,,,,,,,,,,,,,0.0,0.0,0.0,0.0,-1594.0,0,1,0,0,0,0,0,0,0,0,0,0,0,0,0,0,0,0,0,0,0.0,0.0,0.0,0.0,0.0,3.0,-1169.3333333333333,-3508.0,-862.0,-1338.0,3.0,0.0,0.0,0.0,0.0,3.0,504.0,1008.0,519.0,489.0,2.0,-126.5,-253.0,-119.0,-134.0,2.0,0.0,0.0,0.0,0.0,1.0,0.0,0.0,0.0,0.0,3.0,381000.0,1143000.0,540000.0,292500.0,3.0,179055.0,537165.0,537165.0,0.0,3.0,944.235,2832.705,2832.705,0.0,3.0,0.0,0.0,0.0,0.0,3.0,-79.33333333333333,-238.0,-28.0,-125.0,3.0,54000.0,108000.0,54000.0,54000.0,2.0,24960.538125,199684.305,38263.5,9441.54,8.0,403363.6363636364,4437000.0,900000.0,0.0,11.0,422988.1363636364,4652869.5,900000.0,0.0,11.0,,0.0,,,0.0,554625.0,4437000.0,900000.0,117000.0,8.0,9.909090909090908,109.0,14.0,8.0,11.0,1.0,11.0,1.0,1.0,11.0,,0.0,,,0.0,,0.0,,,0.0,,0.0,,,0.0,-612.7272727272727,-6740.0,-13.0,-2812.0,11.0,-1.0,-11.0,-1.0,-1.0,11.0,37.0,296.0,48.0,20.0,8.0,365243.0,1460972.0,365243.0,365243.0,4.0,-1621.0,-6484.0,-886.0,-2782.0,4.0,-511.0,-2044.0,524.0,-2212.0,4.0,-706.0,-2824.0,-136.0,-2212.0,4.0,-700.25,-2801.0,-128.0,-2207.0,4.0,1.0,4.0,1.0,1.0,4.0,1.0158730158730158,128.0,2.0,1.0,126.0,17.5,2205.0,42.0,1.0,126.0,-1028.3333333333333,-129570.0,-136.0,-2782.0,126.0,-1030.928571428571,-129897.0,-144.0,-2782.0,126.0,19917.79107142857,2509641.675,415019.925,9205.47,126.0,19917.79107142857,2509641.675,415019.925,9205.47,126.0,0,0.2828
100079,0,Revolving loans,M,N,Y,0,225000.0,270000.0,13500.0,270000.0,Unaccompanied,Working,Secondary / secondary special,Separated,Municipal apartment,0.00733,-15359,-114.0,-5076.0,-2922,,1,1,0,1,0,0,Laborers,1.0,2,2,THURSDAY,9,0,0,0,0,1,1,Construction,0.202477374074608,0.5619229565929612,0.4135967602644276,,,,,,,,,,,,,,,,,,,,,,,,,,,,,,,,,,,,,,,,,,,,,,,,0.0,0.0,0.0,0.0,-662.0,0,0,0,0,0,0,0,0,0,0,0,0,0,0,0,0,0,0,0,0,0.0,0.0,0.0,1.0,0.0,0.0,-553.0,-553.0,-553.0,-553.0,1.0,0.0,0.0,0.0,0.0,1.0,-371.0,-371.0,-371.0,-371.0,1.0,-357.0,-357.0,-357.0,-357.0,1.0,,0.0,,,0.0,0.0,0.0,0.0,0.0,1.0,60781.5,60781.5,60781.5,60781.5,1.0,0.0,0.0,0.0,0.0,1.0,0.0,0.0,0.0,0.0,1.0,0.0,0.0,0.0,0.0,1.0,-354.0,-354.0,-354.0,-354.0,1.0,,0.0,,,0.0,10568.595,31705.785,13072.185,8206.74,3.0,82402.5,247207.5,90000.0,76477.5,3.0,77365.5,232096.5,110146.5,51831.0,3.0,23397.75,46795.5,31500.0,15295.5,2.0,82402.5,247207.5,90000.0,76477.5,3.0,13.0,39.0,15.0,12.0,3.0,1.0,3.0,1.0,1.0,3.0,0.3033577750677471,0.6067155501354942,0.4116878908973087,0.1950276592381855,2.0,,0.0,,,0.0,,0.0,,,0.0,-625.6666666666666,-1877.0,-607.0,-662.0,3.0,69.66666666666667,209.0,180.0,-1.0,3.0,10.0,30.0,12.0,6.0,3.0,365243.0,365243.0,365243.0,365243.0,1.0,-631.0,-631.0,-631.0,-631.0,1.0,-481.0,-481.0,-481.0,-481.0,1.0,-541.0,-541.0,-541.0,-541.0,1.0,-536.0,-536.0,-536.0,-536.0,1.0,0.0,0.0,0.0,0.0,1.0,2.2,11.0,4.0,1.0,5.0,2.4,12.0,4.0,1.0,5.0,-589.0,-2945.0,-541.0,-631.0,5.0,-598.8,-2994.0,-555.0,-652.0,5.0,11671.083,58355.415,25577.28,3103.65,5.0,18871.911,94359.555,36004.14,3103.65,5.0,0,0.3935
100080,0,Revolving loans,F,N,N,1,157500.0,450000.0,22500.0,450000.0,Unaccompanied,Commercial associate,Secondary / secondary special,Civil marriage,House / apartment,0.010966,-11956,-3154.0,-8118.0,-4143,,1,1,0,1,0,0,Sales staff,3.0,2,2,SUNDAY,10,0,0,0,0,0,0,Kindergarten,0.4115064104251909,0.1238882922844139,0.8327850252992314,0.2175,0.1455,0.9891,0.8504,0.0443,0.24,0.2069,0.3333,0.375,0.1343,0.1774,0.2129,0.0,0.0039,0.2216,0.1509,0.9891,0.8563,0.0447,0.2417,0.2069,0.3333,0.375,0.1373,0.1938,0.2218,0.0,0.0041,0.2196,0.1455,0.9891,0.8524,0.0445,0.24,0.2069,0.3333,0.375,0.1366,0.1804,0.2167,0.0,0.004,reg oper spec account,block of flats,0.1925,Panel,No,,,,,-1711.0,0,0,0,0,0,0,0,0,0,0,0,0,0,0,0,0,0,0,0,0,0.0,0.0,0.0,0.0,0.0,5.0,-1802.0,-1802.0,-1802.0,-1802.0,1.0,0.0,0.0,0.0,0.0,1.0,-1651.0,-1651.0,-1651.0,-1651.0,1.0,-1652.0,-1652.0,-1652.0,-1652.0,1.0,,0.0,,,0.0,0.0,0.0,0.0,0.0,1.0,30150.0,30150.0,30150.0,30150.0,1.0,0.0,0.0,0.0,0.0,1.0,0.0,0.0,0.0,0.0,1.0,0.0,0.0,0.0,0.0,1.0,-1516.0,-1516.0,-1516.0,-1516.0,1.0,,0.0,,,0.0,16550.325,66201.3,31778.73,6084.495,4.0,155487.85714285713,1088415.0,585000.0,0.0,7.0,175481.35714285713,1228369.5,666081.0,0.0,7.0,1545.75,3091.5,3091.5,0.0,2.0,272103.75,1088415.0,585000.0,30915.0,4.0,13.0,91.0,15.0,10.0,7.0,1.0,7.0,1.0,1.0,7.0,0.0521324870781392,0.1042649741562784,0.1042649741562784,0.0,2.0,,0.0,,,0.0,,0.0,,,0.0,-725.7142857142857,-5080.0,-182.0,-1713.0,7.0,2.7142857142857144,19.0,25.0,-1.0,7.0,24.0,96.0,42.0,6.0,4.0,365243.0,1460972.0,365243.0,365243.0,4.0,-1085.25,-4341.0,-359.0,-1682.0,4.0,-395.25,-1581.0,871.0,-1352.0,4.0,181990.0,727960.0,365243.0,-1352.0,4.0,181993.25,727973.0,365243.0,-1344.0,4.0,0.5,2.0,1.0,0.0,4.0,1.3174603174603174,83.0,2.0,1.0,63.0,11.714285714285714,738.0,33.0,1.0,63.0,-704.6666666666666,-44394.0,-16.0,-1682.0,63.0,-706.3492063492064,-44500.0,-29.0,-1686.0,63.0,18545.300714285717,1168353.9449999998,31778.73,6084.495,63.0,18545.300714285717,1168353.9449999998,31778.73,6084.495,63.0,0,0.3106
100081,0,Cash loans,M,Y,N,0,180000.0,450000.0,21109.5,450000.0,Unaccompanied,Commercial associate,Secondary / secondary special,Civil marriage,House / apartment,0.0145199999999999,-10848,-121.0,-4809.0,-3494,20.0,1,1,0,1,0,0,Laborers,2.0,2,2,SATURDAY,9,0,0,0,0,0,0,Other,,0.6454384930609306,,0.067,0.0,0.9752,0.66,0.0068,0.0,0.1379,0.1667,0.2083,0.0483,0.0538,0.0506,0.0039,0.0465,0.0683,0.0,0.9752,0.6733,0.0069,0.0,0.1379,0.1667,0.2083,0.0494,0.0588,0.0528,0.0039,0.0492,0.0677,0.0,0.9752,0.6645,0.0069,0.0,0.1379,0.1667,0.2083,0.0491,0.0547,0.0516,0.0039,0.0475,reg oper account,block of flats,0.0436,"Stone, brick",No,1.0,0.0,1.0,0.0,-2519.0,0,0,0,0,0,0,1,0,0,0,0,0,0,0,0,0,0,0,0,0,,,,,,,,,,,,,,,,,,,,,,,,,,,,,,,,,,,,,,,,,,,,,,,,,,,,,,,,,,,,,,,,,,,6075.63,6075.63,6075.63,6075.63,1.0,46755.0,46755.0,46755.0,46755.0,1.0,45544.5,45544.5,45544.5,45544.5,1.0,4680.0,4680.0,4680.0,4680.0,1.0,46755.0,46755.0,46755.0,46755.0,1.0,12.0,12.0,12.0,12.0,1.0,1.0,1.0,1.0,1.0,1.0,0.1014832493015451,0.1014832493015451,0.1014832493015451,0.1014832493015451,1.0,,0.0,,,0.0,,0.0,,,0.0,-2519.0,-2519.0,-2519.0,-2519.0,1.0,18.0,18.0,18.0,18.0,1.0,10.0,10.0,10.0,10.0,1.0,365243.0,365243.0,365243.0,365243.0,1.0,-2484.0,-2484.0,-2484.0,-2484.0,1.0,-2214.0,-2214.0,-2214.0,-2214.0,1.0,-2214.0,-2214.0,-2214.0,-2214.0,1.0,-2204.0,-2204.0,-2204.0,-2204.0,1.0,1.0,1.0,1.0,1.0,1.0,1.0,10.0,1.0,1.0,10.0,5.5,55.0,10.0,1.0,10.0,-2349.0,-23490.0,-2214.0,-2484.0,10.0,-2359.3,-23593.0,-2213.0,-2495.0,10.0,6073.4115,60734.115,6075.63,6053.445,10.0,6073.4115,60734.115,6075.63,6053.445,10.0,0,0.4102
100082,0,Cash loans,M,N,N,2,180000.0,450000.0,21109.5,450000.0,Unaccompanied,Commercial associate,Higher education,Married,House / apartment,0.01885,-12009,-2844.0,-1377.0,-3656,,1,1,1,1,1,0,Laborers,4.0,2,2,MONDAY,12,0,0,0,0,0,0,Business Entity Type 3,0.3577065472620613,0.6865047975453018,0.3944954053123993,0.0722,0.0487,0.9826,0.762,0.0085,0.0,0.1379,0.1667,0.2083,0.0176,0.0588,0.0505,0.0,0.0,0.0735,0.0505,0.9826,0.7713,0.0086,0.0,0.1379,0.1667,0.2083,0.018,0.0643,0.0526,0.0,0.0,0.0729,0.0487,0.9826,0.7652,0.0086,0.0,0.1379,0.1667,0.2083,0.0179,0.0599,0.0514,0.0,0.0,reg oper spec account,block of flats,0.0444,Panel,No,0.0,0.0,0.0,0.0,-1003.0,0,1,0,0,0,0,0,0,0,0,0,0,0,0,0,0,0,0,0,0,0.0,0.0,0.0,1.0,0.0,2.0,-1133.4117647058824,-19268.0,-65.0,-2572.0,17.0,0.0,0.0,0.0,0.0,17.0,2357.529411764706,40078.0,10802.0,-1469.0,17.0,-856.1666666666666,-10274.0,-105.0,-1543.0,12.0,4144.5,33156.0,31707.0,0.0,8.0,0.0588235294117647,1.0,1.0,0.0,17.0,611411.5535294118,10393996.41,3600000.0,59395.5,17.0,238475.241,2384752.41,2188683.0,0.0,10.0,0.0,0.0,0.0,0.0,9.0,0.0,0.0,0.0,0.0,17.0,-509.11764705882354,-8655.0,-47.0,-1517.0,17.0,,0.0,,,0.0,22021.44576923077,286278.795,38833.695,6750.0,13.0,523975.2,7859628.0,1147500.0,0.0,15.0,548873.4,8233101.0,1280794.5,0.0,15.0,22662.0,67986.0,46327.5,8158.5,3.0,654969.0,7859628.0,1147500.0,76450.5,12.0,17.6,264.0,20.0,13.0,15.0,1.0,15.0,1.0,1.0,15.0,0.1594352738290525,0.4783058214871576,0.1915402379536175,0.1089451455628899,3.0,,0.0,,,0.0,,0.0,,,0.0,-1138.6666666666667,-17080.0,-37.0,-2879.0,15.0,114.66666666666669,1720.0,1500.0,-1.0,15.0,35.38461538461539,460.0,48.0,0.0,13.0,273262.75,1093051.0,365243.0,-2678.0,4.0,-2010.5,-8042.0,-666.0,-2841.0,4.0,90281.0,361124.0,365243.0,-2571.0,4.0,-1662.0,-6648.0,-576.0,-2601.0,4.0,90068.25,360273.0,365243.0,-2597.0,4.0,0.0,0.0,0.0,0.0,4.0,0.1652892561983471,20.0,2.0,0.0,121.0,44.06611570247934,5332.0,101.0,1.0,121.0,-1581.6694214876034,-191382.0,-44.0,-2841.0,121.0,-1582.090909090909,-191433.0,-44.0,-2855.0,121.0,6524.006652892563,789404.805,200174.985,3.69,121.0,6505.009214876033,787106.115,200174.985,3.69,121.0,0,0.3887
100083,0,Cash loans,M,Y,Y,0,103500.0,573628.5,24435.0,463500.0,Unaccompanied,Working,Secondary / secondary special,Married,House / apartment,0.0096569999999999,-15406,-892.0,-341.0,-4176,22.0,1,1,0,1,0,0,Laborers,2.0,2,2,MONDAY,18,0,0,0,0,0,0,Business Entity Type 3,0.2707661633733818,0.7071263161734994,0.5971924268337128,0.1464,0.1291,0.9861,0.8096,0.108,0.04,0.0345,0.3333,0.375,0.0,0.1194,0.0933,0.0,0.0,0.1492,0.134,0.9861,0.8171,0.109,0.0403,0.0345,0.3333,0.375,0.0,0.1304,0.0972,0.0,0.0,0.1478,0.1291,0.9861,0.8121,0.1087,0.04,0.0345,0.3333,0.375,0.0,0.1214,0.0949,0.0,0.0,reg oper account,block of flats,0.1324,"Stone, brick",No,2.0,1.0,2.0,1.0,-2053.0,0,1,0,0,0,0,0,0,0,0,0,0,0,0,0,0,0,0,0,0,0.0,0.0,0.0,0.0,0.0,3.0,-1229.0,-2458.0,-494.0,-1964.0,2.0,0.0,0.0,0.0,0.0,2.0,414.5,829.0,1332.0,-503.0,2.0,-525.0,-525.0,-525.0,-525.0,1.0,,0.0,,,0.0,0.0,0.0,0.0,0.0,2.0,1618940.25,3237880.5,2153641.5,1084239.0,2.0,878001.75,1756003.5,1756003.5,0.0,2.0,0.0,0.0,0.0,0.0,1.0,0.0,0.0,0.0,0.0,2.0,-278.5,-557.0,-32.0,-525.0,2.0,,0.0,,,0.0,7487.22,22461.66,11915.1,4500.0,3.0,68560.5,205681.5,157500.0,0.0,3.0,104206.5,312619.5,178290.0,44329.5,3.0,7231.5,7231.5,7231.5,7231.5,1.0,102840.75,205681.5,157500.0,48181.5,2.0,13.333333333333334,40.0,14.0,13.0,3.0,1.0,3.0,1.0,1.0,3.0,0.1527464732858344,0.1527464732858344,0.1527464732858344,0.1527464732858344,1.0,,0.0,,,0.0,,0.0,,,0.0,-1216.3333333333333,-3649.0,-798.0,-2053.0,3.0,18.0,54.0,56.0,-1.0,3.0,11.333333333333334,34.0,24.0,0.0,3.0,365243.0,1095729.0,365243.0,365243.0,3.0,120819.33333333331,362458.0,365243.0,-2017.0,3.0,121139.33333333331,363418.0,365243.0,-1747.0,3.0,121139.33333333331,363418.0,365243.0,-1747.0,3.0,121142.66666666669,363428.0,365243.0,-1744.0,3.0,0.3333333333333333,1.0,1.0,0.0,3.0,1.0,35.0,1.0,1.0,35.0,10.8,378.0,24.0,1.0,35.0,-830.8571428571429,-29080.0,-78.0,-2017.0,35.0,-843.8857142857142,-29536.0,-105.0,-2042.0,35.0,10232.397,358133.895,11915.1,6046.56,35.0,9891.965571428573,346218.795,11915.1,3745.8,35.0,0,0.2015
100084,0,Cash loans,M,N,Y,2,225000.0,495351.0,26140.5,459000.0,Unaccompanied,Working,Secondary / secondary special,Separated,House / apartment,0.02461,-14860,-1156.0,-23.0,-1072,,1,1,0,1,0,0,Laborers,3.0,2,2,FRIDAY,10,0,0,0,0,0,0,Business Entity Type 3,,0.5705270507243844,0.6940926425266661,0.0165,0.0,0.9727,0.626,,0.0,0.069,0.0417,,0.0249,,0.011,,0.0,0.0168,0.0,0.9727,0.6406,,0.0,0.069,0.0417,,0.0255,,0.0114,,0.0,0.0167,0.0,0.9727,0.631,,0.0,0.069,0.0417,,0.0254,,0.0112,,0.0,,block of flats,0.0093,Block,No,1.0,0.0,1.0,0.0,-1475.0,0,1,0,0,0,0,0,0,0,0,0,0,0,0,1,0,0,0,0,0,0.0,0.0,0.0,0.0,1.0,0.0,-2152.0,-2152.0,-2152.0,-2152.0,1.0,0.0,0.0,0.0,0.0,1.0,-1788.0,-1788.0,-1788.0,-1788.0,1.0,-991.0,-991.0,-991.0,-991.0,1.0,,0.0,,,0.0,0.0,0.0,0.0,0.0,1.0,98100.0,98100.0,98100.0,98100.0,1.0,,0.0,,,0.0,,0.0,,,0.0,0.0,0.0,0.0,0.0,1.0,-988.0,-988.0,-988.0,-988.0,1.0,0.0,0.0,0.0,0.0,1.0,12936.762,64683.81,18097.02,3824.37,5.0,112692.85714285714,788850.0,468000.0,0.0,7.0,137627.35714285713,963391.5,653328.0,0.0,7.0,9091.125,36364.5,15205.5,5859.0,4.0,157770.0,788850.0,468000.0,24705.0,5.0,13.0,91.0,19.0,10.0,7.0,1.0,7.0,1.0,1.0,7.0,0.1480365113533123,0.5921460454132493,0.2865525984277078,0.0973606588131166,4.0,,0.0,,,0.0,,0.0,,,0.0,-838.4285714285714,-5869.0,-63.0,-2133.0,7.0,18.0,126.0,54.0,-1.0,7.0,18.0,90.0,60.0,6.0,5.0,365243.0,1095729.0,365243.0,365243.0,3.0,-1510.0,-4530.0,-985.0,-2101.0,3.0,-1300.0,-3900.0,-835.0,-1951.0,3.0,-1310.0,-3930.0,-865.0,-1951.0,3.0,-1302.3333333333333,-3907.0,-859.0,-1944.0,3.0,0.0,0.0,0.0,0.0,3.0,1.037037037037037,28.0,2.0,1.0,27.0,5.555555555555555,150.0,12.0,1.0,27.0,-1392.6666666666667,-37602.0,-865.0,-2101.0,27.0,-1402.5185185185185,-37868.0,-865.0,-2115.0,27.0,13864.006666666666,374328.18,16486.425,3824.37,27.0,11484.535,310082.445,16486.425,7.2,27.0,1,0.5449
100085,0,Cash loans,M,N,Y,1,157500.0,755190.0,28894.5,675000.0,Unaccompanied,Working,Secondary / secondary special,Married,House / apartment,0.016612,-11187,-2224.0,-3253.0,-3723,,1,1,1,1,0,0,Drivers,3.0,2,2,WEDNESDAY,12,0,0,0,0,0,0,Business Entity Type 1,,0.3687189849837431,0.3589512285783967,,,,,,,,,,,,,,,,,,,,,,,,,,,,,,,,,,,,,,,,,,,,,,,,7.0,0.0,7.0,0.0,-1175.0,0,1,0,0,0,0,0,0,0,0,0,0,0,0,1,0,0,0,0,0,0.0,0.0,0.0,0.0,0.0,0.0,-976.5,-3906.0,-493.0,-1388.0,4.0,0.0,0.0,0.0,0.0,4.0,-420.5,-1682.0,915.0,-1296.0,4.0,-1020.0,-2040.0,-926.0,-1114.0,2.0,0.0,0.0,0.0,0.0,1.0,0.0,0.0,0.0,0.0,4.0,356799.375,1427197.5,1350000.0,14116.5,4.0,174375.0,697500.0,697500.0,0.0,4.0,0.0,0.0,0.0,0.0,4.0,0.0,0.0,0.0,0.0,4.0,-526.25,-2105.0,-15.0,-1114.0,4.0,,0.0,,,0.0,9079.155,18158.31,13608.045,4550.265,2.0,62527.5,187582.5,135000.0,23985.0,3.0,64732.5,194197.5,148365.0,21847.5,3.0,3375.0,6750.0,6750.0,0.0,2.0,62527.5,187582.5,135000.0,23985.0,3.0,14.666666666666666,44.0,19.0,9.0,3.0,1.0,3.0,1.0,1.0,3.0,0.1285315785709176,0.2570631571418352,0.2570631571418352,0.0,2.0,,0.0,,,0.0,,0.0,,,0.0,-681.6666666666666,-2045.0,-377.0,-1175.0,3.0,17.666666666666668,53.0,30.0,-1.0,3.0,12.0,24.0,18.0,6.0,2.0,365243.0,365243.0,365243.0,365243.0,1.0,-1144.0,-1144.0,-1144.0,-1144.0,1.0,-994.0,-994.0,-994.0,-994.0,1.0,-994.0,-994.0,-994.0,-994.0,1.0,-990.0,-990.0,-990.0,-990.0,1.0,0.0,0.0,0.0,0.0,1.0,1.0,6.0,1.0,1.0,6.0,3.5,21.0,6.0,1.0,6.0,-1069.0,-6414.0,-994.0,-1144.0,6.0,-1079.6666666666667,-6478.0,-1006.0,-1156.0,6.0,4549.59,27297.54,4550.265,4546.215,6.0,4549.59,27297.54,4550.265,4546.215,6.0,1,0.6082
100086,0,Cash loans,F,N,Y,1,135000.0,675000.0,21775.5,675000.0,Unaccompanied,Commercial associate,Higher education,Widow,House / apartment,0.019101,-14264,-2492.0,-4327.0,-4517,,1,1,0,1,0,0,Laborers,2.0,2,2,THURSDAY,12,0,0,0,0,0,0,Self-employed,,0.5698732368655826,0.1986200451074864,,,,,,,,,,,,,,,,,,,,,,,,,,,,,,,,,,,,,,,,,,,,,,,,0.0,0.0,0.0,0.0,-1597.0,0,1,0,0,0,0,0,0,0,0,0,0,0,0,0,0,0,0,0,0,0.0,0.0,0.0,1.0,4.0,2.0,-839.8333333333334,-5039.0,-218.0,-1364.0,6.0,0.0,0.0,0.0,0.0,6.0,-92.83333333333331,-557.0,979.0,-1182.0,6.0,-737.5,-1475.0,-448.0,-1027.0,2.0,14453.865,14453.865,14453.865,14453.865,1.0,0.0,0.0,0.0,0.0,6.0,179655.82499999998,1077934.95,297000.0,53572.95,6.0,80805.6,404028.0,202212.0,0.0,5.0,0.0,0.0,0.0,0.0,5.0,0.0,0.0,0.0,0.0,6.0,-302.8333333333333,-1817.0,-2.0,-1027.0,6.0,,0.0,,,0.0,11150.159999999998,33450.48,21775.5,5625.0,3.0,110844.06428571428,775908.45,675000.0,0.0,7.0,126401.20714285714,884808.45,675000.0,0.0,7.0,1800.0,3600.0,3600.0,0.0,2.0,258636.15,775908.45,675000.0,24835.5,3.0,12.142857142857142,85.0,14.0,10.0,7.0,1.0,7.0,1.0,1.0,7.0,0.0789339307186743,0.1578678614373486,0.1578678614373486,0.0,2.0,,0.0,,,0.0,,0.0,,,0.0,-844.4285714285714,-5911.0,-26.0,-2573.0,7.0,10.142857142857142,71.0,37.0,-1.0,7.0,21.33333333333333,64.0,60.0,0.0,3.0,-2478.0,-2478.0,-2478.0,-2478.0,1.0,-2432.0,-2432.0,-2432.0,-2432.0,1.0,365243.0,365243.0,365243.0,365243.0,1.0,-880.0,-880.0,-880.0,-880.0,1.0,365243.0,365243.0,365243.0,365243.0,1.0,0.0,0.0,0.0,0.0,1.0,0.0543478260869565,5.0,1.0,0.0,92.0,42.04347826086956,3868.0,87.0,1.0,92.0,-1308.9565217391305,-120424.0,-27.0,-2907.0,92.0,-1310.1630434782608,-120535.0,-27.0,-2921.0,92.0,3349.664021739131,308169.09,5625.0,67.5,92.0,3349.664021739131,308169.09,5625.0,67.5,92.0,1,0.6362
100087,0,Cash loans,F,N,Y,1,202500.0,1288350.0,37800.0,1125000.0,Unaccompanied,Working,Secondary / secondary special,Married,House / apartment,0.003069,-17542,-2011.0,-1529.0,-988,,1,1,0,1,0,0,Cooking staff,3.0,3,3,FRIDAY,11,0,0,0,0,0,0,Self-employed,,0.5720641471414096,0.191821602413606,,,,,,,,,,,,,,,,,,,,,,,,,,,,,,,,,,,,,,,,,,,,,,,,2.0,1.0,2.0,1.0,-1230.0,0,1,0,0,0,0,0,0,0,0,0,0,0,0,0,0,0,0,0,0,0.0,0.0,0.0,0.0,0.0,3.0,-399.0,-2394.0,-15.0,-731.0,6.0,0.0,0.0,0.0,0.0,6.0,39.2,196.0,531.0,-277.0,5.0,-398.6666666666667,-1196.0,-276.0,-644.0,3.0,3468.06,10404.18,10404.18,0.0,3.0,0.0,0.0,0.0,0.0,6.0,112834.2525,677005.515,194715.0,0.0,6.0,47624.7525,285748.515,167380.515,0.0,6.0,0.0,0.0,0.0,0.0,6.0,0.0,0.0,0.0,0.0,6.0,-174.0,-1044.0,-9.0,-407.0,6.0,,0.0,,,0.0,12098.367,60491.835,18734.805,6797.16,5.0,105360.3,526801.5,162900.0,31401.0,5.0,105367.5,526837.5,188685.0,33057.0,5.0,21720.0,65160.0,65160.0,0.0,3.0,105360.3,526801.5,162900.0,31401.0,5.0,11.4,57.0,14.0,9.0,5.0,1.0,5.0,1.0,1.0,5.0,0.1452121212121212,0.4356363636363636,0.4356363636363636,0.0,3.0,,0.0,,,0.0,,0.0,,,0.0,-784.6,-3923.0,-408.0,-1230.0,5.0,51.6,258.0,158.0,-1.0,5.0,13.6,68.0,36.0,6.0,5.0,365243.0,1826215.0,365243.0,365243.0,5.0,-753.8,-3769.0,-378.0,-1199.0,5.0,-375.8,-1879.0,94.0,-989.0,5.0,-519.8,-2599.0,-48.0,-989.0,5.0,-514.2,-2571.0,-40.0,-984.0,5.0,0.4,2.0,1.0,0.0,5.0,1.022222222222222,46.0,2.0,1.0,45.0,5.266666666666667,237.0,12.0,1.0,45.0,-614.0888888888888,-27634.0,-48.0,-1199.0,45.0,-622.7111111111111,-28022.0,-51.0,-1211.0,45.0,15873.197,714293.865,165802.725,6796.125,45.0,15503.588,697661.46,165802.725,76.41,45.0,1,0.567
100088,0,Revolving loans,F,N,N,0,112500.0,135000.0,6750.0,135000.0,Unaccompanied,Commercial associate,Higher education,Married,House / apartment,0.0228,-19467,-4066.0,-4623.0,-2975,,1,1,0,1,0,0,,2.0,2,2,THURSDAY,15,0,0,0,0,0,0,School,,0.5851740300889305,0.4083588531230431,,,,,,,,,,,,,,,,,,,,,,,,,,,,,,,,,,,,,,,,,,,,,,,,0.0,0.0,0.0,0.0,-1537.0,0,0,0,0,0,0,0,0,0,0,0,0,0,0,0,0,0,0,0,0,0.0,0.0,0.0,0.0,0.0,2.0,-1408.2,-7041.0,-851.0,-2736.0,5.0,0.0,0.0,0.0,0.0,5.0,64.5,258.0,1222.0,-910.0,4.0,-871.3333333333334,-2614.0,-418.0,-1337.0,3.0,,0.0,,,0.0,0.0,0.0,0.0,0.0,5.0,355500.0,1777500.0,675000.0,135000.0,5.0,100992.375,403969.5,403969.5,0.0,4.0,0.0,0.0,0.0,0.0,2.0,0.0,0.0,0.0,0.0,5.0,-397.0,-1985.0,-28.0,-856.0,5.0,,0.0,,,0.0,20467.62,40935.24,25546.77,15388.47,2.0,346950.0,693900.0,540000.0,153900.0,2.0,376677.0,753354.0,614844.0,138510.0,2.0,15390.0,15390.0,15390.0,15390.0,1.0,346950.0,693900.0,540000.0,153900.0,2.0,8.0,16.0,8.0,8.0,2.0,1.0,2.0,1.0,1.0,2.0,0.1089090909090909,0.1089090909090909,0.1089090909090909,0.1089090909090909,1.0,,0.0,,,0.0,,0.0,,,0.0,-978.0,-1956.0,-419.0,-1537.0,2.0,75.5,151.0,152.0,-1.0,2.0,26.0,52.0,42.0,10.0,2.0,365243.0,730486.0,365243.0,365243.0,2.0,-947.0,-1894.0,-389.0,-1505.0,2.0,-197.0,-394.0,841.0,-1235.0,2.0,182004.0,364008.0,365243.0,-1235.0,2.0,182007.5,364015.0,365243.0,-1228.0,2.0,0.5,1.0,1.0,0.0,2.0,1.0,23.0,1.0,1.0,23.0,6.3478260869565215,146.0,13.0,1.0,23.0,-713.7826086956521,-16417.0,-29.0,-1505.0,23.0,-726.6521739130435,-16713.0,-34.0,-1522.0,23.0,21128.94,485965.62,25546.77,15361.38,23.0,21128.94,485965.62,25546.77,15361.38,23.0,0,0.1711
100089,0,Cash loans,M,N,Y,0,135000.0,337761.0,15781.5,256500.0,Unaccompanied,Working,Secondary / secondary special,Civil marriage,House / apartment,0.025164,-9666,-2811.0,-4437.0,-2342,,1,1,0,1,1,0,Laborers,2.0,2,2,TUESDAY,12,0,0,0,0,0,0,Self-employed,,0.5500579930157645,0.5352762504724826,0.0722,0.0752,0.6508,0.6736,0.008,0.0,0.1379,0.1667,0.2083,0.0671,0.0664,0.0639,0.0039,0.0029,0.063,0.0653,0.0,0.6864,0.0081,0.0,0.1379,0.1667,0.2083,0.0581,0.0725,0.0555,0.0039,0.0031,0.0729,0.08,0.9762,0.6779999999999999,0.0081,0.0,0.1379,0.1667,0.2083,0.0659,0.0676,0.0701,0.0039,0.003,reg oper account,block of flats,0.0472,Panel,No,2.0,0.0,2.0,0.0,-92.0,0,1,0,0,0,0,0,0,0,0,0,0,0,0,0,0,0,0,0,0,0.0,0.0,0.0,0.0,0.0,3.0,-599.0,-599.0,-599.0,-599.0,1.0,0.0,0.0,0.0,0.0,1.0,-265.0,-265.0,-265.0,-265.0,1.0,-265.0,-265.0,-265.0,-265.0,1.0,9283.5,9283.5,9283.5,9283.5,1.0,0.0,0.0,0.0,0.0,1.0,116545.5,116545.5,116545.5,116545.5,1.0,0.0,0.0,0.0,0.0,1.0,0.0,0.0,0.0,0.0,1.0,0.0,0.0,0.0,0.0,1.0,-261.0,-261.0,-261.0,-261.0,1.0,,0.0,,,0.0,17484.78,52454.34,23140.62,13657.455,3.0,192037.5,768150.0,360000.0,0.0,4.0,230500.125,922000.5,512064.0,0.0,4.0,36000.0,36000.0,36000.0,36000.0,1.0,256050.0,768150.0,360000.0,138150.0,3.0,12.75,51.0,16.0,11.0,4.0,1.0,4.0,1.0,1.0,4.0,0.2838021912940479,0.2838021912940479,0.2838021912940479,0.2838021912940479,1.0,,0.0,,,0.0,,0.0,,,0.0,-786.25,-3145.0,-92.0,-1798.0,4.0,4.75,19.0,22.0,-1.0,4.0,25.33333333333333,76.0,48.0,10.0,3.0,365243.0,365243.0,365243.0,365243.0,1.0,-1761.0,-1761.0,-1761.0,-1761.0,1.0,-1491.0,-1491.0,-1491.0,-1491.0,1.0,-1491.0,-1491.0,-1491.0,-1491.0,1.0,-1486.0,-1486.0,-1486.0,-1486.0,1.0,0.0,0.0,0.0,0.0,1.0,1.0,13.0,1.0,1.0,13.0,5.846153846153846,76.0,10.0,1.0,13.0,-1615.6153846153843,-21003.0,-1491.0,-1761.0,13.0,-1629.8461538461538,-21188.0,-1513.0,-1783.0,13.0,13653.57807692308,177496.515,13657.455,13607.055,13.0,10501.857692307693,136524.15,13657.455,0.18,13.0,1,0.5667
100093,0,Cash loans,F,N,Y,1,94500.0,585000.0,28273.5,585000.0,Unaccompanied,Working,Secondary / secondary special,Married,House / apartment,0.028663,-18253,-721.0,-1701.0,-1779,,1,1,0,1,1,0,Core staff,3.0,2,2,TUESDAY,16,0,0,0,0,0,0,Postal,0.5927009939219194,0.4885999153777029,,,,,,,,,,,,,,,,,,,,,,,,,,,,,,,,,,,,,,,,,,,,,,,,,0.0,0.0,0.0,0.0,0.0,0,1,0,0,0,0,0,0,0,0,0,0,0,0,0,0,0,0,0,0,0.0,0.0,0.0,0.0,0.0,3.0,-557.0,-557.0,-557.0,-557.0,1.0,0.0,0.0,0.0,0.0,1.0,-174.0,-174.0,-174.0,-174.0,1.0,-174.0,-174.0,-174.0,-174.0,1.0,0.0,0.0,0.0,0.0,1.0,0.0,0.0,0.0,0.0,1.0,90000.0,90000.0,90000.0,90000.0,1.0,0.0,0.0,0.0,0.0,1.0,0.0,0.0,0.0,0.0,1.0,0.0,0.0,0.0,0.0,1.0,-174.0,-174.0,-174.0,-174.0,1.0,,0.0,,,0.0,10922.207142857142,76455.45,35429.625,2449.215,7.0,151535.7,1515357.0,1125000.0,0.0,10.0,168321.15,1683211.5,1288350.0,0.0,10.0,3634.714285714286,25443.0,9900.0,0.0,7.0,189419.625,1515357.0,1125000.0,24025.5,8.0,13.8,138.0,16.0,10.0,10.0,1.0,10.0,1.0,1.0,10.0,0.0708671489349643,0.4960700425447501,0.2022435391751601,0.0,7.0,,0.0,,,0.0,,0.0,,,0.0,-1191.0,-11910.0,-343.0,-2298.0,10.0,312.1,3121.0,1200.0,-1.0,10.0,18.0,126.0,60.0,6.0,7.0,365243.0,2191458.0,365243.0,365243.0,6.0,-1441.0,-8646.0,-466.0,-2267.0,6.0,-1141.0,-6846.0,-316.0,-1937.0,6.0,-1181.0,-7086.0,-316.0,-1937.0,6.0,-1175.6666666666667,-7054.0,-310.0,-1934.0,6.0,0.1666666666666666,1.0,1.0,0.0,6.0,1.0338983050847457,61.0,2.0,1.0,59.0,5.694915254237288,336.0,12.0,1.0,59.0,-1422.9830508474577,-83956.0,-316.0,-2267.0,59.0,-1437.4406779661017,-84809.0,-343.0,-2275.0,59.0,7595.995423728813,448163.73,58427.055,2420.82,59.0,7457.449576271187,439989.525,58427.055,2420.82,59.0,0,0.3263
100094,0,Cash loans,F,N,Y,0,108000.0,113760.0,5301.0,90000.0,Unaccompanied,Pensioner,Higher education,Single / not married,House / apartment,0.030755,-22935,,-12623.0,-3442,,1,0,0,1,0,0,,1.0,2,2,THURSDAY,10,0,0,0,0,0,0,XNA,,0.5827354769124312,0.4525335592581747,0.1474,0.0669,0.9578,,,0.0,0.3103,0.2083,,0.0663,,0.1648,,0.0427,0.1502,0.0694,0.9578,,,0.0,0.3103,0.2083,,0.0679,,0.1717,,0.0452,0.1489,0.0669,0.9578,,,0.0,0.3103,0.2083,,0.0675,,0.1678,,0.0436,,block of flats,0.1584,"Stone, brick",No,3.0,0.0,3.0,0.0,-260.0,0,1,0,0,0,0,0,0,0,0,0,0,0,0,0,0,0,0,0,0,0.0,0.0,0.0,0.0,0.0,0.0,-527.25,-2109.0,-246.0,-1049.0,4.0,0.0,0.0,0.0,0.0,4.0,645.0,2580.0,1355.0,-379.0,4.0,-530.0,-530.0,-530.0,-530.0,1.0,0.0,0.0,0.0,0.0,3.0,0.0,0.0,0.0,0.0,4.0,213750.0,855000.0,693000.0,4500.0,4.0,152833.89375,611335.575,543901.5,-0.405,4.0,1141.48125,4565.925,4500.405,0.0,4.0,0.0,0.0,0.0,0.0,4.0,-293.75,-1175.0,-13.0,-530.0,4.0,,0.0,,,0.0,4966.47,4966.47,4966.47,4966.47,1.0,87205.5,87205.5,87205.5,87205.5,1.0,69763.5,69763.5,69763.5,69763.5,1.0,17442.0,17442.0,17442.0,17442.0,1.0,87205.5,87205.5,87205.5,87205.5,1.0,13.0,13.0,13.0,13.0,1.0,1.0,1.0,1.0,1.0,1.0,0.2178294217264236,0.2178294217264236,0.2178294217264236,0.2178294217264236,1.0,,0.0,,,0.0,,0.0,,,0.0,-260.0,-260.0,-260.0,-260.0,1.0,30.0,30.0,30.0,30.0,1.0,16.0,16.0,16.0,16.0,1.0,365243.0,365243.0,365243.0,365243.0,1.0,-173.0,-173.0,-173.0,-173.0,1.0,277.0,277.0,277.0,277.0,1.0,365243.0,365243.0,365243.0,365243.0,1.0,365243.0,365243.0,365243.0,365243.0,1.0,0.0,0.0,0.0,0.0,1.0,1.0,6.0,1.0,1.0,6.0,3.5,21.0,6.0,1.0,6.0,-98.0,-588.0,-23.0,-173.0,6.0,-154.16666666666666,-925.0,-85.0,-203.0,6.0,4966.47,29798.82,4966.47,4966.47,6.0,4966.47,29798.82,4966.47,4966.47,6.0,0,0.2769
100095,0,Revolving loans,F,N,Y,2,67500.0,135000.0,6750.0,135000.0,Unaccompanied,Working,Secondary / secondary special,Married,House / apartment,0.020246,-18693,-1434.0,-10255.0,-2241,,1,1,0,1,1,0,Sales staff,4.0,3,3,THURSDAY,8,0,0,0,0,0,0,Trade: type 7,0.5866975916234531,0.3045061145430549,,,,,,,,,,,,,,,,,,,,,,,,,,,,,,,,,,,,,,,,,,,,,,,,,0.0,0.0,0.0,0.0,-1040.0,0,0,0,0,0,0,0,0,0,0,0,0,0,0,0,0,0,0,0,0,,,,,,,,,,,,,,,,,,,,,,,,,,,,,,,,,,,,,,,,,,,,,,,,,,,,,,,,,,,,,,,,,,,5290.695,5290.695,5290.695,5290.695,1.0,33685.5,101056.5,52911.0,0.0,3.0,33685.5,101056.5,52911.0,0.0,3.0,0.0,0.0,0.0,0.0,2.0,50528.25,101056.5,52911.0,48145.5,2.0,11.333333333333334,34.0,12.0,10.0,3.0,1.0,3.0,1.0,1.0,3.0,0.0,0.0,0.0,0.0,2.0,,0.0,,,0.0,,0.0,,,0.0,-533.6666666666666,-1601.0,-401.0,-600.0,3.0,23.0,69.0,35.0,-1.0,3.0,10.0,10.0,10.0,10.0,1.0,365243.0,365243.0,365243.0,365243.0,1.0,-564.0,-564.0,-564.0,-564.0,1.0,-294.0,-294.0,-294.0,-294.0,1.0,-414.0,-414.0,-414.0,-414.0,1.0,-403.0,-403.0,-403.0,-403.0,1.0,0.0,0.0,0.0,0.0,1.0,1.1666666666666667,7.0,2.0,1.0,6.0,3.5,21.0,6.0,1.0,6.0,-489.0,-2934.0,-414.0,-564.0,6.0,-514.8333333333334,-3089.0,-419.0,-587.0,6.0,8668.4325,52010.595,25557.12,5290.695,6.0,8668.4325,52010.595,25557.12,5290.695,6.0,0,0.4002
100096,1,Cash loans,F,N,Y,0,81000.0,252000.0,14593.5,252000.0,Unaccompanied,Pensioner,Secondary / secondary special,Married,House / apartment,0.028663,-24794,,-5391.0,-4199,,1,0,0,1,0,0,,2.0,2,2,THURSDAY,10,0,0,0,0,0,0,XNA,,0.0239523667712844,0.7209441499436497,,,,,,,,,,,,,,,,,,,,,,,,,,,,,,,,,,,,,,,,,,,,,,,,1.0,1.0,1.0,1.0,0.0,0,0,0,0,1,0,0,0,0,0,0,0,0,0,0,0,0,0,0,0,0.0,0.0,0.0,0.0,0.0,0.0,-2922.0,-2922.0,-2922.0,-2922.0,1.0,0.0,0.0,0.0,0.0,1.0,-2610.0,-2610.0,-2610.0,-2610.0,1.0,-1647.0,-1647.0,-1647.0,-1647.0,1.0,,0.0,,,0.0,0.0,0.0,0.0,0.0,1.0,65610.0,65610.0,65610.0,65610.0,1.0,,0.0,,,0.0,,0.0,,,0.0,0.0,0.0,0.0,0.0,1.0,-1647.0,-1647.0,-1647.0,-1647.0,1.0,,0.0,,,0.0,,,,,,,,,,,,,,,,,,,,,,,,,,,,,,,,,,,,,,,,,,,,,,,,,,,,,,,,,,,,,,,,,,,,,,,,,,,,,,,,,,,,,,,,,,,,,,,,,,,,,,,,,,,,,,,,,,,,,,,,,,,,,,1,0.516
100097,0,Cash loans,M,Y,Y,0,157500.0,760225.5,30280.5,679500.0,Unaccompanied,Working,Secondary / secondary special,Married,House / apartment,0.035792,-17527,-2442.0,-3500.0,-983,20.0,1,1,0,1,0,0,,2.0,2,2,THURSDAY,10,0,0,0,0,1,1,Business Entity Type 3,,0.3573422337147276,0.6446794549585961,,,,,,,,,,,,,,,,,,,,,,,,,,,,,,,,,,,,,,,,,,,,,,,,6.0,0.0,6.0,0.0,-371.0,0,1,0,0,0,0,0,0,0,0,0,0,0,0,0,0,0,0,0,0,0.0,0.0,1.0,0.0,0.0,0.0,-1643.0,-4929.0,-87.0,-2726.0,3.0,0.0,0.0,0.0,0.0,3.0,-1372.0,-4116.0,97.0,-2400.0,3.0,-1647.5,-3295.0,-969.0,-2326.0,2.0,0.0,0.0,0.0,0.0,1.0,0.0,0.0,0.0,0.0,3.0,106431.06,319293.18,126810.18,80055.0,3.0,86526.0,86526.0,86526.0,86526.0,1.0,0.0,0.0,0.0,0.0,1.0,0.0,0.0,0.0,0.0,3.0,-1103.3333333333333,-3310.0,-18.0,-2326.0,3.0,,0.0,,,0.0,8412.7725,16825.545,10080.72,6744.825,2.0,87727.5,175455.0,108000.0,67455.0,2.0,84354.75,168709.5,108000.0,60709.5,2.0,3372.75,6745.5,6745.5,0.0,2.0,87727.5,175455.0,108000.0,67455.0,2.0,8.5,17.0,9.0,8.0,2.0,1.0,2.0,1.0,1.0,2.0,0.0544545454545454,0.1089090909090909,0.1089090909090909,0.0,2.0,,0.0,,,0.0,,0.0,,,0.0,-1402.0,-2804.0,-371.0,-2433.0,2.0,73.0,146.0,126.0,20.0,2.0,11.0,22.0,12.0,10.0,2.0,365243.0,730486.0,365243.0,365243.0,2.0,-1370.0,-2740.0,-338.0,-2402.0,2.0,-1070.0,-2140.0,-8.0,-2132.0,2.0,-1085.0,-2170.0,-38.0,-2132.0,2.0,-1078.5,-2157.0,-32.0,-2125.0,2.0,0.0,0.0,0.0,0.0,2.0,1.0476190476190477,22.0,2.0,1.0,21.0,5.761904761904762,121.0,11.0,1.0,21.0,-1178.0,-24738.0,-38.0,-2402.0,21.0,-1207.190476190476,-25351.0,-43.0,-2425.0,21.0,8959.529999999999,188150.13,19982.07,6657.435,21.0,8959.529999999999,188150.13,19982.07,6657.435,21.0,0,0.3208
100098,0,Revolving loans,M,Y,N,0,225000.0,270000.0,13500.0,270000.0,Unaccompanied,Working,Secondary / secondary special,Civil marriage,House / apartment,0.01885,-17390,-924.0,-7211.0,-907,1.0,1,1,0,1,0,0,Drivers,2.0,2,2,WEDNESDAY,9,0,0,0,0,0,0,Transport: type 3,,0.5970811533321667,,,,,,,,,,,,,,,,,,,,,,,,,,,,,,,,,,,,,,,,,,,,,,,,,0.0,0.0,0.0,0.0,-617.0,0,0,0,0,0,0,0,0,0,0,0,0,0,0,0,0,0,0,0,0,,,,,,,,,,,,,,,,,,,,,,,,,,,,,,,,,,,,,,,,,,,,,,,,,,,,,,,,,,,,,,,,,,,7652.519999999999,30610.08,12985.83,2056.995,4.0,55739.57142857143,390177.0,252000.0,0.0,7.0,74234.57142857143,519642.0,361521.0,0.0,7.0,3555.0,7110.0,4500.0,2610.0,2.0,97544.25,390177.0,252000.0,22126.5,4.0,11.428571428571429,80.0,18.0,9.0,7.0,1.0,7.0,1.0,1.0,7.0,0.1629777563259168,0.3259555126518336,0.2214949987982324,0.1044605138536012,2.0,,0.0,,,0.0,,0.0,,,0.0,-912.4285714285714,-6387.0,-141.0,-2626.0,7.0,23.0,161.0,120.0,-1.0,7.0,21.0,84.0,48.0,6.0,4.0,365243.0,1095729.0,365243.0,365243.0,3.0,-1097.6666666666667,-3293.0,-111.0,-2595.0,3.0,-407.6666666666667,-1223.0,1299.0,-2445.0,3.0,120837.0,362511.0,365243.0,-2595.0,3.0,120856.66666666669,362570.0,365243.0,-2544.0,3.0,1.0,3.0,1.0,1.0,3.0,1.0952380952380951,23.0,2.0,1.0,21.0,7.0,147.0,16.0,1.0,21.0,-411.95238095238096,-8651.0,-21.0,-2595.0,21.0,-424.4285714285714,-8913.0,-34.0,-2595.0,21.0,12834.282857142858,269519.94,30009.15,10629.72,21.0,12834.282857142858,269519.94,30009.15,10629.72,21.0,0,0.3162
100099,0,Cash loans,F,N,Y,0,360000.0,733315.5,41076.0,679500.0,Unaccompanied,Pensioner,Secondary / secondary special,Separated,House / apartment,0.009175,-23032,,-9506.0,-793,,1,0,0,1,0,0,,1.0,2,2,THURSDAY,12,1,0,0,0,0,0,XNA,,0.6605789818593445,0.3425288720742255,0.0454,0.0108,0.9742,,,0.0,0.1034,0.125,,0.0292,,0.036,,0.0148,0.0462,0.0112,0.9742,,,0.0,0.1034,0.125,,0.0299,,0.0375,,0.0157,0.0458,0.0108,0.9742,,,0.0,0.1034,0.125,,0.0297,,0.0367,,0.0152,,block of flats,0.0315,"Stone, brick",No,4.0,0.0,4.0,0.0,0.0,0,1,0,0,0,0,0,0,0,0,0,0,0,0,0,0,0,0,0,0,0.0,0.0,0.0,0.0,0.0,3.0,-719.0,-7190.0,-162.0,-1504.0,10.0,0.0,0.0,0.0,0.0,10.0,254.33333333333331,2289.0,1664.0,-651.0,9.0,-473.4,-2367.0,-350.0,-647.0,5.0,0.0,0.0,0.0,0.0,1.0,0.0,0.0,0.0,0.0,10.0,269217.45,2692174.5,613350.0,0.0,10.0,37107.0,185535.0,94864.5,0.0,5.0,0.0,0.0,0.0,0.0,5.0,0.0,0.0,0.0,0.0,10.0,-241.9,-2419.0,-5.0,-646.0,10.0,4271.25,25627.5,9675.0,0.0,6.0,29329.5075,351954.09,66893.04,2904.345,12.0,653234.6962499999,7838816.354999999,1255500.0,29516.4,12.0,689711.25,8276535.0,1255500.0,29515.5,12.0,2.6775,5.355,4.455,0.9,2.0,653234.6962499999,7838816.354999999,1255500.0,29516.4,12.0,12.666666666666666,152.0,16.0,11.0,12.0,1.0,12.0,1.0,1.0,12.0,8.078266827765239e-05,0.0001615653365553,0.0001283572956634,3.3208040891904776e-05,2.0,,0.0,,,0.0,,0.0,,,0.0,-691.1666666666666,-8294.0,-421.0,-1262.0,12.0,306.0,3672.0,1655.0,-1.0,12.0,35.5,426.0,60.0,12.0,12.0,365243.0,730486.0,365243.0,365243.0,2.0,-997.0,-1994.0,-770.0,-1224.0,2.0,-667.0,-1334.0,-440.0,-894.0,2.0,-712.0,-1424.0,-440.0,-984.0,2.0,-707.5,-1415.0,-438.0,-977.0,2.0,0.0,0.0,0.0,0.0,2.0,1.0454545454545454,23.0,2.0,1.0,22.0,5.954545454545454,131.0,12.0,1.0,22.0,-827.7272727272727,-18210.0,-440.0,-1224.0,22.0,-840.0909090909091,-18482.0,-450.0,-1246.0,22.0,13251.78,291539.16000000003,20329.11,3719.07,22.0,13082.731363636363,287820.09,20329.11,966.51,22.0,1,0.5928
100100,0,Cash loans,M,Y,Y,2,202500.0,796396.5,38443.5,643500.0,Unaccompanied,Working,Higher education,Married,House / apartment,0.008019,-15909,-1094.0,-3134.0,-4180,65.0,1,1,0,1,0,1,Managers,4.0,2,2,FRIDAY,17,0,0,0,0,1,1,Industry: type 11,0.4476751393608083,0.495765140717496,0.8245949709919925,,,,,,,,,,,,,,,,,,,,,,,,,,,,,,,,,,,,,,,,,,,,,,,,0.0,0.0,0.0,0.0,-1876.0,0,1,0,0,0,0,0,0,0,0,0,0,0,0,0,0,0,0,0,0,0.0,0.0,0.0,0.0,0.0,2.0,-1866.4,-9332.0,-443.0,-2830.0,5.0,0.0,0.0,0.0,0.0,5.0,-1237.6,-6188.0,-367.0,-2616.0,5.0,-1101.0,-5505.0,-205.0,-2704.0,5.0,,0.0,,,0.0,0.0,0.0,0.0,0.0,5.0,632748.6900000001,3163743.45,1800000.0,4500.0,5.0,0.0,0.0,0.0,0.0,5.0,0.0,0.0,0.0,0.0,2.0,0.0,0.0,0.0,0.0,5.0,-595.0,-2975.0,-203.0,-850.0,5.0,9909.7425,19819.485,19819.485,0.0,2.0,13491.198,67455.98999999999,35157.825,4500.0,5.0,137855.7,689278.5,450000.0,0.0,5.0,189446.4,947232.0,594585.0,44725.5,5.0,0.0,0.0,0.0,0.0,3.0,172319.625,689278.5,450000.0,40455.0,4.0,12.6,63.0,14.0,11.0,5.0,1.0,5.0,1.0,1.0,5.0,0.0,0.0,0.0,0.0,3.0,,0.0,,,0.0,,0.0,,,0.0,-1169.6,-5848.0,-503.0,-2870.0,5.0,3216.6,16083.0,8025.0,-1.0,5.0,12.8,64.0,30.0,0.0,5.0,291621.2,1458106.0,365243.0,-2866.0,5.0,-1136.8,-5684.0,-469.0,-2832.0,5.0,72838.2,364191.0,365243.0,-616.0,5.0,72605.8,363029.0,365243.0,-821.0,5.0,145822.4,729112.0,365243.0,-760.0,5.0,0.2,1.0,1.0,0.0,5.0,0.3220338983050847,57.0,2.0,0.0,177.0,44.34463276836159,7849.0,121.0,1.0,177.0,-1200.3502824858756,-212462.0,-19.0,-2911.0,177.0,-1206.864406779661,-213615.0,-21.0,-2926.0,177.0,10402.4956779661,1841241.735,51934.86,45.855,177.0,10005.232118644068,1770926.085,51934.86,45.855,177.0,0,0.2172
100101,0,Cash loans,F,Y,Y,0,202500.0,343377.0,22072.5,283500.0,Unaccompanied,State servant,Higher education,Single / not married,House / apartment,0.072508,-18138,-969.0,-7421.0,-1681,5.0,1,1,0,1,0,0,High skill tech staff,1.0,1,1,WEDNESDAY,13,0,0,0,0,0,0,Business Entity Type 1,,0.7162122102538987,,,,,,,,,,,,,,,,,,,,,,,,,,,,,,,,,,,,,,,,,,,,,,,,,0.0,0.0,0.0,0.0,-1585.0,0,0,0,0,0,0,1,0,0,0,0,0,0,0,0,0,0,0,0,0,,,,,,,,,,,,,,,,,,,,,,,,,,,,,,,,,,,,,,,,,,,,,,,,,,,,,,,,,,,,,,,,,,,20562.06375,82248.255,33952.005,7814.25,4.0,178243.2,891216.0,360000.0,0.0,5.0,188986.5,944932.5,360000.0,0.0,5.0,0.0,0.0,0.0,0.0,1.0,222804.0,891216.0,360000.0,36216.0,4.0,13.6,68.0,17.0,12.0,5.0,1.0,5.0,1.0,1.0,5.0,0.0,0.0,0.0,0.0,1.0,,0.0,,,0.0,,0.0,,,0.0,-831.0,-4155.0,-182.0,-1585.0,5.0,240.6,1203.0,1200.0,-1.0,5.0,7.5,30.0,12.0,0.0,4.0,273830.5,1095322.0,365243.0,-407.0,4.0,-958.25,-3833.0,-377.0,-1554.0,4.0,90649.25,362597.0,365243.0,-1404.0,4.0,90619.25,362477.0,365243.0,-1464.0,4.0,90622.5,362490.0,365243.0,-1459.0,4.0,0.25,1.0,1.0,0.0,4.0,1.391304347826087,96.0,10.0,0.0,69.0,13.608695652173912,939.0,39.0,1.0,69.0,-490.5217391304348,-33846.0,-7.0,-1554.0,69.0,-498.92753623188406,-34426.0,-7.0,-1561.0,69.0,21968.894347826088,1515853.71,86953.275,611.325,69.0,24617.67391304348,1698619.5,86953.275,611.325,69.0,0,0.1516
100102,0,Cash loans,F,N,N,1,126000.0,327024.0,10264.5,270000.0,Unaccompanied,Working,Secondary / secondary special,Single / not married,House / apartment,0.02461,-14321,-192.0,-6913.0,-5942,,1,1,0,1,1,0,Laborers,2.0,2,2,SUNDAY,13,0,0,0,0,0,0,Transport: type 4,0.4147940693543055,0.6611083077510267,0.4776491548517548,0.0041,,0.9722,0.6192,,,0.0345,0.0,0.0417,0.0144,0.0034,0.0048,0.0,0.0,0.0042,,0.9722,0.6341,,,0.0345,0.0,0.0417,0.0147,0.0037,0.005,0.0,0.0,0.0042,,0.9722,0.6243,,,0.0345,0.0,0.0417,0.0146,0.0034,0.0049,0.0,0.0,reg oper account,block of flats,0.0083,Others,No,1.0,0.0,1.0,0.0,-2.0,0,1,0,0,0,0,0,0,0,0,0,0,0,0,1,0,0,0,0,0,0.0,0.0,0.0,6.0,0.0,0.0,-697.8,-3489.0,-211.0,-1554.0,5.0,0.0,0.0,0.0,0.0,5.0,802.0,3208.0,1615.0,216.0,4.0,-429.3333333333333,-1288.0,-210.0,-719.0,3.0,0.0,0.0,0.0,0.0,2.0,0.0,0.0,0.0,0.0,5.0,294646.5,1473232.5,666000.0,0.0,5.0,138862.8,694314.0,628834.5,0.0,5.0,0.0,0.0,0.0,0.0,5.0,0.0,0.0,0.0,0.0,5.0,-173.8,-869.0,-16.0,-336.0,5.0,,0.0,,,0.0,,,,,,,,,,,,,,,,,,,,,,,,,,,,,,,,,,,,,,,,,,,,,,,,,,,,,,,,,,,,,,,,,,,,,,,,,,,,,,,,,,,,,,,,,,,,,,,,,,,,,,,,,,,,,,,,,,,,,,,,,,,,,,0,0.3506
100103,0,Cash loans,F,N,Y,0,72000.0,450000.0,16965.0,450000.0,Unaccompanied,Working,Secondary / secondary special,Married,House / apartment,0.009175,-21112,-1694.0,-6057.0,-4013,,1,1,1,1,0,0,,2.0,2,2,FRIDAY,12,0,0,0,0,0,0,School,,0.7180575365896832,0.511891801533151,,,,,,,,,,,,,,,,,,,,,,,,,,,,,,,,,,,,,,,,,,,,,,,,4.0,0.0,4.0,0.0,0.0,0,1,0,0,0,0,0,0,0,0,0,0,0,0,0,0,0,0,0,0,0.0,0.0,0.0,0.0,0.0,0.0,-1584.0,-4752.0,-720.0,-2259.0,3.0,0.0,0.0,0.0,0.0,3.0,-1696.0,-3392.0,-1467.0,-1925.0,2.0,-1739.5,-3479.0,-1467.0,-2012.0,2.0,6840.0,20520.0,20520.0,0.0,3.0,0.0,0.0,0.0,0.0,3.0,148611.44999999998,445834.35,252000.0,82549.35,3.0,4102.5,12307.5,12307.5,0.0,3.0,79896.59999999999,239689.8,239689.8,0.0,3.0,0.0,0.0,0.0,0.0,3.0,-1165.3333333333333,-3496.0,-19.0,-2012.0,3.0,,0.0,,,0.0,6852.172500000001,13704.345,9000.0,4704.345,2.0,112792.5,225585.0,180000.0,45585.0,2.0,115200.0,230400.0,180000.0,50400.0,2.0,0.0,0.0,0.0,0.0,1.0,112792.5,225585.0,180000.0,45585.0,2.0,14.5,29.0,18.0,11.0,2.0,1.0,2.0,1.0,1.0,2.0,0.0,0.0,0.0,0.0,1.0,,0.0,,,0.0,,0.0,,,0.0,-203.0,-406.0,-4.0,-402.0,2.0,20.0,40.0,25.0,15.0,2.0,6.0,12.0,12.0,0.0,2.0,365243.0,730486.0,365243.0,365243.0,2.0,182437.0,364874.0,365243.0,-369.0,2.0,182602.0,365204.0,365243.0,-39.0,2.0,182602.0,365204.0,365243.0,-39.0,2.0,182605.0,365210.0,365243.0,-33.0,2.0,0.0,0.0,0.0,0.0,2.0,1.0,18.0,1.0,1.0,18.0,6.944444444444445,125.0,12.0,1.0,18.0,-190.66666666666663,-3432.0,-39.0,-369.0,18.0,-192.55555555555557,-3466.0,-35.0,-378.0,18.0,4704.22,84675.96,4704.345,4703.22,18.0,3136.1675,56451.015,4704.345,17.415,18.0,0,0.3151
100104,0,Cash loans,F,N,Y,0,90000.0,547344.0,30690.0,472500.0,Unaccompanied,Working,Secondary / secondary special,Married,House / apartment,0.022625,-18556,-862.0,-6769.0,-2045,,1,1,0,1,1,0,Waiters/barmen staff,2.0,2,2,WEDNESDAY,17,0,0,0,0,0,0,Business Entity Type 3,0.7631370618175837,0.6446273721560554,,,,,,,,,,,,,,,,,,,,,,,,,,,,,,,,,,,,,,,,,,,,,,,,,1.0,0.0,1.0,0.0,-2591.0,0,1,0,0,0,0,0,0,0,0,0,0,0,0,0,0,0,0,0,0,0.0,0.0,0.0,0.0,0.0,1.0,-2283.0,-2283.0,-2283.0,-2283.0,1.0,0.0,0.0,0.0,0.0,1.0,-457.0,-457.0,-457.0,-457.0,1.0,-440.0,-440.0,-440.0,-440.0,1.0,,0.0,,,0.0,0.0,0.0,0.0,0.0,1.0,765000.0,765000.0,765000.0,765000.0,1.0,0.0,0.0,0.0,0.0,1.0,,0.0,,,0.0,0.0,0.0,0.0,0.0,1.0,-435.0,-435.0,-435.0,-435.0,1.0,,0.0,,,0.0,2950.2,2950.2,2950.2,2950.2,1.0,29506.5,29506.5,29506.5,29506.5,1.0,26554.5,26554.5,26554.5,26554.5,1.0,2952.0,2952.0,2952.0,2952.0,1.0,29506.5,29506.5,29506.5,29506.5,1.0,11.0,11.0,11.0,11.0,1.0,1.0,1.0,1.0,1.0,1.0,0.1089589196833363,0.1089589196833363,0.1089589196833363,0.1089589196833363,1.0,,0.0,,,0.0,,0.0,,,0.0,-2591.0,-2591.0,-2591.0,-2591.0,1.0,1099.0,1099.0,1099.0,1099.0,1.0,10.0,10.0,10.0,10.0,1.0,365243.0,365243.0,365243.0,365243.0,1.0,-2560.0,-2560.0,-2560.0,-2560.0,1.0,-2290.0,-2290.0,-2290.0,-2290.0,1.0,-2290.0,-2290.0,-2290.0,-2290.0,1.0,365243.0,365243.0,365243.0,365243.0,1.0,0.0,0.0,0.0,0.0,1.0,1.0,17.0,1.0,1.0,17.0,5.705882352941177,97.0,10.0,1.0,17.0,-2418.823529411765,-41120.0,-2290.0,-2560.0,17.0,-2408.764705882353,-40949.0,-2299.0,-2567.0,17.0,2948.2782352941176,50120.73,2950.2,2917.53,17.0,1732.0076470588235,29444.13,2950.2,32.67,17.0,0,0.2835
100105,0,Cash loans,F,N,Y,0,193500.0,225000.0,23755.5,225000.0,Unaccompanied,Working,Secondary / secondary special,Married,House / apartment,0.031329,-19810,-8862.0,-4493.0,-3043,,1,1,1,1,1,0,Managers,2.0,2,2,TUESDAY,11,0,0,0,0,0,0,Government,0.765153942091246,0.2547599571469118,0.4118485559242397,,,,,,,,,,,,,,,,,,,,,,,,,,,,,,,,,,,,,,,,,,,,,,,,0.0,0.0,0.0,0.0,-1733.0,0,1,0,0,0,0,0,0,0,0,0,0,0,0,0,0,0,0,0,0,0.0,0.0,0.0,0.0,2.0,4.0,-993.8333333333334,-5963.0,-175.0,-1724.0,6.0,0.0,0.0,0.0,0.0,6.0,-663.6666666666666,-3982.0,7.0,-1632.0,6.0,-761.0,-3805.0,-13.0,-1660.0,5.0,3360.0,10080.0,10080.0,0.0,3.0,0.0,0.0,0.0,0.0,6.0,277272.57,1663635.42,699300.0,30600.0,6.0,3754.8,18774.0,18774.0,0.0,5.0,0.0,0.0,0.0,0.0,4.0,0.0,0.0,0.0,0.0,6.0,-635.0,-3810.0,-13.0,-1660.0,6.0,,0.0,,,0.0,20693.71607142857,289712.025,42536.115,7416.18,14.0,107790.10714285714,1509061.5,225000.0,24390.0,14.0,104372.03571428572,1461208.5,232425.0,25033.5,14.0,10026.818181818182,110295.0,40500.0,0.0,11.0,107790.10714285714,1509061.5,225000.0,24390.0,14.0,10.428571428571429,146.0,14.0,8.0,14.0,1.0,14.0,1.0,1.0,14.0,0.1077884059943273,1.1856724659376012,0.5558792140769115,0.0,11.0,,0.0,,,0.0,,0.0,,,0.0,-971.2857142857144,-13598.0,-321.0,-1733.0,14.0,151.5,2121.0,320.0,20.0,14.0,6.0,84.0,10.0,3.0,14.0,365243.0,4382916.0,365243.0,365243.0,12.0,-909.9166666666666,-10919.0,-291.0,-1702.0,12.0,-754.9166666666666,-9059.0,-141.0,-1432.0,12.0,-772.4166666666666,-9269.0,-141.0,-1492.0,12.0,-765.5,-9186.0,-128.0,-1486.0,12.0,0.1666666666666666,2.0,1.0,0.0,12.0,1.0273972602739727,75.0,2.0,1.0,73.0,3.73972602739726,273.0,10.0,1.0,73.0,-824.027397260274,-60154.0,-141.0,-1702.0,73.0,-831.4109589041096,-60693.0,-134.0,-1723.0,73.0,23581.803082191786,1721471.625,42536.115,8458.335,73.0,20510.231301369862,1497246.885,42536.115,211.41,73.0,0,0.1707
100108,0,Cash loans,F,N,Y,3,171000.0,545040.0,31288.5,450000.0,Unaccompanied,Working,Secondary / secondary special,Married,House / apartment,0.006629,-12780,-1415.0,-5146.0,-870,,1,1,1,1,1,0,Sales staff,5.0,2,2,WEDNESDAY,11,0,0,0,0,1,1,Business Entity Type 3,,0.7566679797246073,0.6413682574954046,,,,,,,,,,,,,,,,,,,,,,,,,,,,,,,,,,,,,,,,,,,,,,,,3.0,0.0,3.0,0.0,-546.0,0,1,0,0,0,0,0,0,0,0,0,0,0,0,0,0,0,0,0,0,0.0,0.0,0.0,0.0,0.0,0.0,-1913.0,-5739.0,-982.0,-2519.0,3.0,0.0,0.0,0.0,0.0,3.0,-1288.5,-2577.0,-302.0,-2275.0,2.0,-1976.0,-1976.0,-1976.0,-1976.0,1.0,0.0,0.0,0.0,0.0,1.0,0.0,0.0,0.0,0.0,3.0,216220.5,648661.5,288000.0,135661.5,3.0,20439.0,40878.0,40878.0,0.0,2.0,0.0,0.0,0.0,0.0,2.0,0.0,0.0,0.0,0.0,3.0,-666.6666666666666,-2000.0,-7.0,-1975.0,3.0,,0.0,,,0.0,25269.66,25269.66,25269.66,25269.66,1.0,125955.0,125955.0,125955.0,125955.0,1.0,122895.0,122895.0,122895.0,122895.0,1.0,22500.0,22500.0,22500.0,22500.0,1.0,125955.0,125955.0,125955.0,125955.0,1.0,9.0,9.0,9.0,9.0,1.0,1.0,1.0,1.0,1.0,1.0,0.1685377451394164,0.1685377451394164,0.1685377451394164,0.1685377451394164,1.0,,0.0,,,0.0,,0.0,,,0.0,-546.0,-546.0,-546.0,-546.0,1.0,15.0,15.0,15.0,15.0,1.0,6.0,6.0,6.0,6.0,1.0,365243.0,365243.0,365243.0,365243.0,1.0,-494.0,-494.0,-494.0,-494.0,1.0,-344.0,-344.0,-344.0,-344.0,1.0,-344.0,-344.0,-344.0,-344.0,1.0,-339.0,-339.0,-339.0,-339.0,1.0,0.0,0.0,0.0,0.0,1.0,1.0,6.0,1.0,1.0,6.0,3.5,21.0,6.0,1.0,6.0,-419.0,-2514.0,-344.0,-494.0,6.0,-447.1666666666667,-2683.0,-371.0,-524.0,6.0,25268.91,151613.46,25269.66,25265.16,6.0,25268.91,151613.46,25269.66,25265.16,6.0,0,0.1771
100110,0,Cash loans,M,Y,Y,3,135000.0,373140.0,25065.0,337500.0,Unaccompanied,Commercial associate,Secondary / secondary special,Married,House / apartment,0.035792,-10744,-741.0,-442.0,-2381,21.0,1,1,0,1,0,0,Laborers,5.0,2,2,WEDNESDAY,9,0,0,0,0,1,1,Housing,,0.6405493008893001,0.3280631605201915,,,,,,,,,,,,,,,,,,,,,,,,,,,,,,,,,,,,,,,,,,,,,,,,0.0,0.0,0.0,0.0,0.0,0,1,0,0,0,0,0,0,0,0,0,0,0,0,0,0,0,0,0,0,0.0,0.0,0.0,0.0,1.0,2.0,-86.0,-86.0,-86.0,-86.0,1.0,0.0,0.0,0.0,0.0,1.0,218.0,218.0,218.0,218.0,1.0,,0.0,,,0.0,0.0,0.0,0.0,0.0,1.0,0.0,0.0,0.0,0.0,1.0,65511.0,65511.0,65511.0,65511.0,1.0,52820.595,52820.595,52820.595,52820.595,1.0,0.0,0.0,0.0,0.0,1.0,0.0,0.0,0.0,0.0,1.0,-20.0,-20.0,-20.0,-20.0,1.0,,0.0,,,0.0,6903.8775,27615.51,10430.145,2250.0,4.0,68442.75,273771.0,136210.5,38029.5,4.0,76599.0,306396.0,158188.5,40036.5,4.0,4540.5,13621.5,13621.5,0.0,3.0,68442.75,273771.0,136210.5,38029.5,4.0,14.75,59.0,17.0,12.0,4.0,1.0,4.0,1.0,1.0,4.0,0.0287818943759226,0.086345683127768,0.086345683127768,0.0,3.0,,0.0,,,0.0,,0.0,,,0.0,-200.5,-802.0,-59.0,-427.0,4.0,51.25,205.0,60.0,41.0,4.0,10.5,42.0,24.0,0.0,4.0,365243.0,1460972.0,365243.0,365243.0,4.0,182494.25,729977.0,365243.0,-381.0,4.0,91503.25,366013.0,365243.0,-231.0,4.0,273852.0,1095408.0,365243.0,-321.0,4.0,273852.75,1095411.0,365243.0,-318.0,4.0,0.25,1.0,1.0,0.0,4.0,1.125,9.0,2.0,1.0,8.0,2.625,21.0,5.0,1.0,8.0,-174.125,-1393.0,-8.0,-381.0,8.0,-191.125,-1529.0,-28.0,-408.0,8.0,12338.634375,98709.075,30093.75,8232.3,8.0,12338.634375,98709.075,30093.75,8232.3,8.0,0,0.4407
100111,0,Cash loans,F,Y,N,1,112500.0,862560.0,27954.0,720000.0,Unaccompanied,Commercial associate,Secondary / secondary special,Married,With parents,0.0228,-10485,-1249.0,-4628.0,-3110,17.0,1,1,0,1,0,0,Sales staff,3.0,2,2,MONDAY,11,0,0,0,0,0,0,Business Entity Type 3,0.5633231337420023,0.608604105963283,0.228883416700673,0.2619,0.1186,0.9876,0.83,,0.32,0.2759,0.3333,0.375,0.0856,,0.2675,,0.1749,0.2668,0.1231,0.9876,0.8367,,0.3222,0.2759,0.3333,0.375,0.0876,,0.2787,,0.1852,0.2644,0.1186,0.9876,0.8323,,0.32,0.2759,0.3333,0.375,0.0871,,0.2723,,0.1786,reg oper account,block of flats,0.2576,"Stone, brick",No,1.0,0.0,1.0,0.0,-1234.0,0,1,0,0,0,0,0,0,0,0,0,0,0,0,0,0,0,0,0,0,0.0,0.0,0.0,0.0,0.0,0.0,-859.4166666666666,-10313.0,-270.0,-2257.0,12.0,0.0,0.0,0.0,0.0,12.0,696.0,6960.0,9233.0,-1890.0,10.0,-596.4444444444445,-5368.0,-69.0,-1889.0,9.0,4774.0,42966.0,21550.5,0.0,9.0,0.0833333333333333,1.0,1.0,0.0,12.0,208818.47625,2505821.715,900000.0,24250.5,12.0,13009.03875,104072.31,62406.81,0.0,8.0,8190.642857142857,57334.5,57334.5,0.0,7.0,0.0,0.0,0.0,0.0,12.0,-474.9166666666667,-5699.0,-5.0,-1886.0,12.0,,0.0,,,0.0,10262.19,61573.14,14997.015,5292.45,6.0,90984.6825,545908.095,149985.0,44991.0,6.0,91563.75,549382.5,144513.0,45351.0,6.0,5589.6825,33538.095,14998.5,0.0,6.0,90984.6825,545908.095,149985.0,44991.0,6.0,15.666666666666666,94.0,18.0,13.0,6.0,1.0,6.0,1.0,1.0,6.0,0.0639763654987494,0.3838581929924969,0.1089090909090909,0.0,6.0,,0.0,,,0.0,,0.0,,,0.0,-1482.3333333333333,-8894.0,-621.0,-2233.0,6.0,970.8333333333334,5825.0,1800.0,71.0,6.0,11.0,66.0,12.0,10.0,6.0,365243.0,1826215.0,365243.0,365243.0,5.0,-1308.8,-6544.0,-590.0,-2202.0,5.0,-1002.8,-5014.0,-260.0,-1872.0,5.0,-1146.8,-5734.0,-500.0,-1962.0,5.0,-1140.6,-5703.0,-491.0,-1954.0,5.0,0.2,1.0,1.0,0.0,5.0,1.1470588235294117,39.0,2.0,1.0,34.0,3.941176470588236,134.0,9.0,1.0,34.0,-1373.5,-46699.0,-500.0,-2202.0,34.0,-1389.5,-47243.0,-508.0,-2205.0,34.0,15324.858529411766,521045.19,116659.62,5292.45,34.0,14747.875147058823,501427.755,116659.62,1897.65,34.0,0,0.3707
100112,1,Cash loans,M,Y,Y,0,315000.0,953460.0,64107.0,900000.0,Family,Commercial associate,Incomplete higher,Single / not married,With parents,0.030755,-10199,-2015.0,-4802.0,-1038,2.0,1,1,0,1,0,0,,1.0,2,2,SUNDAY,13,0,0,0,0,1,1,Industry: type 4,,0.4323402118056743,0.0774985464900651,,,,,,,,,,,,,,,,,,,,,,,,,,,,,,,,,,,,,,,,,,,,,,,,0.0,0.0,0.0,0.0,-591.0,0,1,0,0,0,0,0,0,0,0,0,0,0,0,0,0,0,0,0,0,0.0,0.0,0.0,0.0,0.0,2.0,-288.0,-576.0,-271.0,-305.0,2.0,0.0,0.0,0.0,0.0,2.0,15931.5,31863.0,31070.0,793.0,2.0,,0.0,,,0.0,,0.0,,,0.0,0.0,0.0,0.0,0.0,2.0,65250.0,130500.0,112500.0,18000.0,2.0,42824.25,85648.5,85648.5,0.0,2.0,0.0,0.0,0.0,0.0,1.0,0.0,0.0,0.0,0.0,2.0,-54.5,-109.0,-53.0,-56.0,2.0,0.0,0.0,0.0,0.0,2.0,12261.802500000002,49047.21000000001,20723.58,4479.075,4.0,79239.375,316957.5,135085.5,0.0,4.0,115589.25,462357.0,180000.0,38250.0,4.0,14161.5,42484.5,30370.5,0.0,3.0,105652.5,316957.5,135085.5,60736.5,3.0,18.25,73.0,21.0,14.0,4.0,1.0,4.0,1.0,1.0,4.0,0.1969766534908337,0.5909299604725011,0.4820168237559542,0.0,3.0,,0.0,,,0.0,,0.0,,,0.0,-883.5,-3534.0,-411.0,-1941.0,4.0,376.0,1504.0,1350.0,34.0,4.0,7.0,28.0,12.0,0.0,4.0,365243.0,1460972.0,365243.0,365243.0,4.0,90599.75,362399.0,365243.0,-1910.0,4.0,90787.25,363149.0,365243.0,-1580.0,4.0,90712.25,362849.0,365243.0,-1820.0,4.0,-634.75,-2539.0,-98.0,-1813.0,4.0,0.0,0.0,0.0,0.0,4.0,1.8,36.0,6.0,1.0,20.0,3.9,78.0,10.0,1.0,20.0,-650.0,-13000.0,-104.0,-1910.0,20.0,-664.45,-13289.0,-118.0,-1927.0,20.0,15733.1745,314663.49,39053.7,1776.42,20.0,19108.1745,382163.49,45000.0,4479.075,20.0,0,0.4994
100113,0,Cash loans,M,Y,N,0,76500.0,135000.0,6696.0,135000.0,Unaccompanied,Working,Secondary / secondary special,Single / not married,House / apartment,0.028663,-15137,-7980.0,-9176.0,-4576,11.0,1,1,1,1,0,0,Low-skill Laborers,1.0,2,2,MONDAY,10,0,0,0,0,0,0,Agriculture,0.4757617930038634,0.5930185238421518,0.7898803468924867,,,,,,,,,,,,,,,,,,,,,,,,,,,,,,,,,,,,,,,,,,,,,,,,0.0,0.0,0.0,0.0,-1981.0,0,1,0,0,0,0,0,0,0,0,0,0,0,0,0,0,0,0,0,0,0.0,0.0,0.0,0.0,0.0,2.0,-1178.0,-3534.0,-753.0,-1981.0,3.0,0.0,0.0,0.0,0.0,3.0,161.0,483.0,1073.0,-1616.0,3.0,-1617.0,-1617.0,-1617.0,-1617.0,1.0,,0.0,,,0.0,0.0,0.0,0.0,0.0,3.0,203574.0,610722.0,342000.0,43722.0,3.0,133789.5,401368.5,238176.0,0.0,3.0,0.0,0.0,0.0,0.0,3.0,0.0,0.0,0.0,0.0,3.0,-537.6666666666666,-1613.0,-6.0,-1593.0,3.0,1332.495,3997.485,3997.485,0.0,3.0,5072.625,20290.5,5755.725,4500.0,4.0,52052.625,208210.5,90000.0,26950.5,4.0,52120.125,208480.5,90000.0,24250.5,4.0,1350.0,2700.0,2700.0,0.0,2.0,52052.625,208210.5,90000.0,26950.5,4.0,9.75,39.0,14.0,8.0,4.0,1.0,4.0,1.0,1.0,4.0,0.0545545621518238,0.1091091243036476,0.1091091243036476,0.0,2.0,,0.0,,,0.0,,0.0,,,0.0,-1107.75,-4431.0,-194.0,-2062.0,4.0,19.75,79.0,61.0,4.0,4.0,7.5,30.0,12.0,0.0,4.0,365243.0,730486.0,365243.0,365243.0,2.0,-1095.0,-2190.0,-164.0,-2026.0,2.0,-855.0,-1710.0,166.0,-1876.0,2.0,181683.5,363367.0,365243.0,-1876.0,2.0,181823.0,363646.0,365243.0,-1597.0,2.0,0.5,1.0,1.0,0.0,2.0,1.0,13.0,1.0,1.0,13.0,3.692307692307693,48.0,6.0,1.0,13.0,-1085.8461538461538,-14116.0,-14.0,-2026.0,13.0,-1073.076923076923,-13950.0,-54.0,-2033.0,13.0,5012.813076923077,65166.57,5090.085,4944.69,13.0,4631.943461538462,60215.265,5090.085,6.615,13.0,0,0.2894
100114,0,Cash loans,F,N,Y,0,135000.0,284400.0,22599.0,225000.0,Unaccompanied,Commercial associate,Higher education,Single / not married,House / apartment,0.030755,-10734,-693.0,-7913.0,-1362,,1,1,0,1,0,0,Laborers,1.0,2,2,MONDAY,14,0,0,0,1,1,0,Restaurant,0.3957242668511344,0.1549370735653434,0.2650494299443805,,,,,,,,,,,,,,,,,,,,,,,,,,,,,,,,,,,,,,,,,,,,,,,,0.0,0.0,0.0,0.0,-227.0,0,1,0,0,0,0,0,0,0,0,0,0,0,0,0,0,0,0,0,0,0.0,0.0,0.0,0.0,0.0,2.0,-880.0,-3520.0,-648.0,-1075.0,4.0,0.0,0.0,0.0,0.0,4.0,-692.0,-1384.0,-614.0,-770.0,2.0,-691.0,-1382.0,-612.0,-770.0,2.0,1658.4075,3316.815,3316.815,0.0,2.0,0.0,0.0,0.0,0.0,4.0,58444.47,233777.88,72695.88,22455.0,4.0,11408.625,45634.5,45634.5,0.0,4.0,24202.698750000003,96810.795,72695.88,0.0,4.0,0.0,0.0,0.0,0.0,4.0,-335.25,-1341.0,-22.0,-624.0,4.0,,0.0,,,0.0,5288.13,10576.26,8326.26,2250.0,2.0,62842.5,125685.0,80685.0,45000.0,2.0,67101.75,134203.5,89203.5,45000.0,2.0,0.0,0.0,0.0,0.0,1.0,62842.5,125685.0,80685.0,45000.0,2.0,14.5,29.0,15.0,14.0,2.0,1.0,2.0,1.0,1.0,2.0,0.0,0.0,0.0,0.0,1.0,,0.0,,,0.0,,0.0,,,0.0,-227.0,-454.0,-227.0,-227.0,2.0,200.0,400.0,200.0,200.0,2.0,6.0,12.0,12.0,0.0,2.0,365243.0,730486.0,365243.0,365243.0,2.0,182523.0,365046.0,365243.0,-197.0,2.0,182688.0,365376.0,365243.0,133.0,2.0,365243.0,730486.0,365243.0,365243.0,2.0,365243.0,730486.0,365243.0,365243.0,2.0,0.5,1.0,1.0,0.0,2.0,1.0,10.0,1.0,1.0,10.0,4.0,40.0,7.0,1.0,10.0,-107.0,-1070.0,-17.0,-197.0,10.0,-114.2,-1142.0,-18.0,-199.0,10.0,8326.26,83262.6,8326.26,8326.26,10.0,5828.382,58283.82,8326.26,444.96,10.0,1,0.6292
100115,0,Cash loans,F,N,N,0,90000.0,315000.0,14683.5,315000.0,"Spouse, partner",Working,Secondary / secondary special,Married,House / apartment,0.028663,-15371,-367.0,-3071.0,-4211,,1,1,1,1,1,0,,2.0,2,2,SUNDAY,11,0,0,0,0,1,1,Business Entity Type 3,,0.3343001962973505,,0.0247,0.0,0.9707,,,0.0,0.1034,0.0417,,0.0671,,0.0243,,0.0,0.0252,0.0,0.9707,,,0.0,0.1034,0.0417,,0.0686,,0.0253,,0.0,0.025,0.0,0.9707,,,0.0,0.1034,0.0417,,0.0682,,0.0248,,0.0,,block of flats,0.021,Block,No,0.0,0.0,0.0,0.0,-40.0,0,1,0,0,0,0,0,0,0,0,0,0,0,0,0,0,0,0,0,0,0.0,0.0,0.0,0.0,2.0,2.0,-2899.0,-2899.0,-2899.0,-2899.0,1.0,0.0,0.0,0.0,0.0,1.0,-2687.0,-2687.0,-2687.0,-2687.0,1.0,-2713.0,-2713.0,-2713.0,-2713.0,1.0,3420.0,3420.0,3420.0,3420.0,1.0,0.0,0.0,0.0,0.0,1.0,18513.0,18513.0,18513.0,18513.0,1.0,0.0,0.0,0.0,0.0,1.0,0.0,0.0,0.0,0.0,1.0,0.0,0.0,0.0,0.0,1.0,-2713.0,-2713.0,-2713.0,-2713.0,1.0,,0.0,,,0.0,6408.157499999999,12816.315,6750.0,6066.315,2.0,40826.25,163305.0,135000.0,0.0,4.0,42097.5,168390.0,135000.0,0.0,4.0,0.0,0.0,0.0,0.0,1.0,81652.5,163305.0,135000.0,28305.0,2.0,11.5,46.0,13.0,11.0,4.0,1.0,4.0,1.0,1.0,4.0,0.0,0.0,0.0,0.0,1.0,,0.0,,,0.0,,0.0,,,0.0,-90.75,-363.0,-40.0,-243.0,4.0,11.75,47.0,50.0,-1.0,4.0,3.0,6.0,6.0,0.0,2.0,182601.5,365203.0,365243.0,-40.0,2.0,182515.5,365031.0,365243.0,-212.0,2.0,182590.5,365181.0,365243.0,-62.0,2.0,182590.5,365181.0,365243.0,-62.0,2.0,182593.5,365187.0,365243.0,-56.0,2.0,0.0,0.0,0.0,0.0,2.0,0.8571428571428571,6.0,1.0,0.0,7.0,3.142857142857143,22.0,6.0,1.0,7.0,-120.71428571428572,-845.0,-23.0,-212.0,7.0,-130.0,-910.0,-23.0,-223.0,7.0,5842.240714285714,40895.685,6066.315,4500.0,7.0,5842.240714285714,40895.685,6066.315,4500.0,7.0,1,0.5427
100116,0,Cash loans,F,N,Y,0,243000.0,900000.0,32017.5,900000.0,Unaccompanied,Working,Higher education,Married,House / apartment,0.010006,-14751,-6737.0,-3390.0,-4788,,1,1,0,1,0,1,Core staff,2.0,2,1,THURSDAY,11,0,0,0,0,1,1,Kindergarten,0.6712718925800566,0.7002735745029195,0.0710551246687366,0.1474,0.4212,0.9975,0.966,,0.12,0.1034,0.375,0.375,0.0135,0.1059,0.186,0.0656,0.1969,0.1502,0.4371,0.9975,0.9673,,0.1208,0.1034,0.375,0.375,0.0138,0.1157,0.1937,0.0661,0.2084,0.1489,0.4212,0.9975,0.9665,,0.12,0.1034,0.375,0.375,0.0138,0.1077,0.1893,0.066,0.201,reg oper spec account,block of flats,0.217,"Stone, brick",No,2.0,0.0,2.0,0.0,-1083.0,0,1,0,0,0,0,0,0,0,0,0,0,0,0,0,0,0,0,0,0,0.0,0.0,0.0,0.0,0.0,0.0,-1277.0588235294117,-21710.0,-104.0,-2908.0,17.0,0.0,0.0,0.0,0.0,17.0,1214.4117647058824,20645.0,31066.0,-2617.0,17.0,-1523.3333333333333,-13710.0,-458.0,-2814.0,9.0,14076.4275,28152.855,28152.855,0.0,2.0,0.0,0.0,0.0,0.0,17.0,449317.2705882353,7638393.6,2372521.5,32443.875,17.0,142965.51882352942,2430413.8200000003,1225219.5,0.0,17.0,3059.105625,24472.845,24472.845,0.0,8.0,0.0,0.0,0.0,0.0,17.0,-479.2352941176471,-8147.0,0.0,-1350.0,17.0,,0.0,,,0.0,24465.83625,293590.035,40181.22,3505.725,12.0,215211.75,3228176.25,765000.0,0.0,15.0,266927.25,4003908.75,843763.5,17190.0,15.0,742.5,7425.0,5490.0,0.0,10.0,230584.01785714287,3228176.25,765000.0,19125.0,14.0,11.466666666666669,172.0,15.0,8.0,15.0,1.0,15.0,1.0,1.0,15.0,0.0161473361289399,0.1614733612893997,0.1101903743315508,0.0,10.0,,0.0,,,0.0,,0.0,,,0.0,-1009.0,-15135.0,-264.0,-2119.0,15.0,410.53333333333336,6158.0,2644.0,-1.0,15.0,17.666666666666668,212.0,48.0,0.0,12.0,273506.5,1094026.0,365243.0,-1703.0,4.0,-1558.25,-6233.0,-717.0,-2088.0,4.0,90518.0,362072.0,365243.0,-1878.0,4.0,-1005.25,-4021.0,-160.0,-1878.0,4.0,-966.0,-3864.0,-23.0,-1866.0,4.0,0.25,1.0,1.0,0.0,4.0,0.5132743362831859,58.0,4.0,0.0,113.0,29.95575221238938,3385.0,78.0,1.0,113.0,-940.424778761062,-106268.0,-57.0,-2088.0,113.0,-947.3716814159292,-107053.0,-57.0,-2107.0,113.0,23636.58013274337,2670933.555,576069.075,225.0,113.0,23754.06557522124,2684209.41,576069.075,9.81,113.0,0,0.4947
100118,0,Cash loans,F,N,Y,0,90000.0,675000.0,26541.0,675000.0,Unaccompanied,Pensioner,Secondary / secondary special,Widow,House / apartment,0.026392,-22471,,-217.0,-4323,,1,0,0,1,0,0,,1.0,2,2,TUESDAY,15,0,0,0,0,0,0,XNA,,0.6263029188866104,,0.1361,0.0761,0.996,0.9456,0.0525,0.14,0.1207,0.375,0.0417,0.0814,0.1097,0.1539,0.0058,0.0168,0.0777,0.04,0.996,0.9477,0.0295,0.0806,0.069,0.375,0.0417,0.0501,0.0652,0.0788,0.0,0.0,0.1374,0.0761,0.996,0.9463,0.0529,0.14,0.1207,0.375,0.0417,0.0828,0.1116,0.1567,0.0058,0.0172,reg oper account,block of flats,0.2241,Panel,No,3.0,2.0,3.0,1.0,0.0,0,0,0,0,1,0,0,0,0,0,0,0,0,0,0,0,0,0,0,0,,,,,,,,,,,,,,,,,,,,,,,,,,,,,,,,,,,,,,,,,,,,,,,,,,,,,,,,,,,,,,,,,,,18952.11,37904.22,22605.75,15298.47,2.0,181172.7,362345.4,209345.4,153000.0,2.0,169998.75,339997.5,202297.5,137700.0,2.0,18117.45,36234.9,20934.9,15300.0,2.0,181172.7,362345.4,209345.4,153000.0,2.0,19.0,38.0,21.0,17.0,2.0,1.0,2.0,1.0,1.0,2.0,0.1055224219651398,0.2110448439302797,0.1089090909090909,0.1021357530211889,2.0,,0.0,,,0.0,,0.0,,,0.0,-1427.5,-2855.0,-1105.0,-1750.0,2.0,1775.0,3550.0,3500.0,50.0,2.0,10.0,20.0,10.0,10.0,2.0,365243.0,730486.0,365243.0,365243.0,2.0,-1396.0,-2792.0,-1074.0,-1718.0,2.0,-1126.0,-2252.0,-804.0,-1448.0,2.0,-1126.0,-2252.0,-804.0,-1448.0,2.0,-1121.5,-2243.0,-799.0,-1444.0,2.0,0.0,0.0,0.0,0.0,2.0,1.0,20.0,1.0,1.0,20.0,5.5,110.0,10.0,1.0,20.0,-1261.0,-25220.0,-804.0,-1718.0,20.0,-1266.6,-25332.0,-811.0,-1721.0,20.0,18946.872,378937.44,22605.75,15233.175,20.0,18946.872,378937.44,22605.75,15233.175,20.0,0,0.2622
